-- phpMyAdmin SQL Dump
-- version 5.2.1
-- https://www.phpmyadmin.net/
--
-- Host: 127.0.0.1
-- Generation Time: Nov 26, 2025 at 09:19 PM
-- Server version: 10.4.32-MariaDB
-- PHP Version: 8.2.12

SET SQL_MODE = "NO_AUTO_VALUE_ON_ZERO";
START TRANSACTION;
SET time_zone = "+00:00";


/*!40101 SET @OLD_CHARACTER_SET_CLIENT=@@CHARACTER_SET_CLIENT */;
/*!40101 SET @OLD_CHARACTER_SET_RESULTS=@@CHARACTER_SET_RESULTS */;
/*!40101 SET @OLD_COLLATION_CONNECTION=@@COLLATION_CONNECTION */;
/*!40101 SET NAMES utf8mb4 */;

--
-- Database: `sorob`
--

-- --------------------------------------------------------

--
-- Table structure for table `cache`
--

CREATE TABLE `cache` (
  `key` varchar(255) NOT NULL,
  `value` mediumtext NOT NULL,
  `expiration` int(11) NOT NULL
) ENGINE=InnoDB DEFAULT CHARSET=utf8mb4 COLLATE=utf8mb4_unicode_ci;

-- --------------------------------------------------------

--
-- Table structure for table `cache_locks`
--

CREATE TABLE `cache_locks` (
  `key` varchar(255) NOT NULL,
  `owner` varchar(255) NOT NULL,
  `expiration` int(11) NOT NULL
) ENGINE=InnoDB DEFAULT CHARSET=utf8mb4 COLLATE=utf8mb4_unicode_ci;

-- --------------------------------------------------------

--
-- Table structure for table `contents`
--

CREATE TABLE `contents` (
  `id` bigint(20) UNSIGNED NOT NULL,
  `content_type` varchar(16) NOT NULL,
  `user_id` bigint(20) UNSIGNED NOT NULL,
  `name` varchar(512) NOT NULL,
  `subtitle` varchar(512) DEFAULT NULL,
  `slug` varchar(600) NOT NULL,
  `details` text DEFAULT NULL,
  `summary` varchar(1024) DEFAULT NULL,
  `note` varchar(1024) DEFAULT NULL,
  `seq` int(3) DEFAULT NULL,
  `barcode` varchar(2048) DEFAULT NULL,
  `youtubevideo` varchar(16) DEFAULT NULL,
  `meta_heading` varchar(256) DEFAULT NULL,
  `meta_title` varchar(256) DEFAULT NULL,
  `meta_keywords` varchar(256) DEFAULT NULL,
  `meta_description` varchar(256) DEFAULT NULL,
  `meta_canonical` varchar(128) DEFAULT NULL,
  `meta_robots` varchar(128) DEFAULT NULL,
  `meta_image` varchar(128) DEFAULT NULL,
  `view` int(11) DEFAULT NULL,
  `status` smallint(5) UNSIGNED DEFAULT NULL,
  `created_at` timestamp NULL DEFAULT NULL,
  `updated_at` timestamp NULL DEFAULT NULL
) ENGINE=InnoDB DEFAULT CHARSET=utf8mb4 COLLATE=utf8mb4_unicode_ci;

--
-- Dumping data for table `contents`
--

INSERT INTO `contents` (`id`, `content_type`, `user_id`, `name`, `subtitle`, `slug`, `details`, `summary`, `note`, `seq`, `barcode`, `youtubevideo`, `meta_heading`, `meta_title`, `meta_keywords`, `meta_description`, `meta_canonical`, `meta_robots`, `meta_image`, `view`, `status`, `created_at`, `updated_at`) VALUES
(46, 'news', 5, 'বিশ্বের অন্যতম ব্যয়বহুল সংবাদপত্র', NULL, 'one-of-the-most-expensive-newspapers-in-the-world', '<div class=\"ql-editor\"><p class=\"ql-align-justify\"><span style=\"color: rgb(0, 0, 0);\">বিশ্বের যে কোনো প্রান্তের ঘটনা, জনগণের অধিকার বিঘ্নিত হওয়ার খবর কিংবা অর্থনীতি ও বাণিজ্যের ওঠানামা—সবই মানুষের দোরগোড়ায় পৌঁছে দেয় সংবাদপত্র। একসময় বাণিজ্যকে কেন্দ্র করেই এর সূচনা হয়েছিল। বর্তমানে ডিজিটাল ও সোশ্যাল মিডিয়ার যুগে খবর পৌঁছে যায় মুহূর্তেই। তবুও ছাপা কাগজের গৌরব বা জনপ্রিয়তা কমেনি। </span></p><p class=\"ql-align-justify\"><span style=\"color: rgb(0, 0, 0);\">দৈনিক, সাপ্তাহিক, পাক্ষিক, মাসিক কিংবা ত্রৈমাসিক—কত ধরনেরই না সংবাদপত্র বা ম্যাগাজিন দেখা যায়। তবে কখনো কি এমন সংবাদপত্র দেখেছে, যা চার বছরে একবার প্রকাশিত হয়? বিষয়টা এ-কথা শুনে ভ্রু-কুঞ্চিত হলেও সত্য। এটি ফরাসি ভাষায় প্রকাশিত একটি বিশেষ সংবাদপত্র, যা শুধু ২৯ ফেব্রুয়ারি প্রকাশিত হয়। অবাক হচ্ছেন? </span></p><p class=\"ql-align-justify\"><span style=\"color: rgb(0, 0, 0);\">এটি মূলত লিপ ডে বা লিপ ইয়ার ছাড়া এর কোনো সংখ্যা বের হয় না। ১৯৮০ সালে প্যারিস থেকে এটি প্রথম যাত্রা শুরু করে। এরপর কেটে গেছে ৪৩ বছর, আর এতদিনে প্রকাশিত হয়েছে মাত্র ১২টি সংখ্যা। এখন প্রশ্ন জাগতেই পারে, কেন চার বছর ছাড়া প্রকাশিত হয় না এই সংবাদপত্র? </span></p><p class=\"ql-align-justify\"><span style=\"color: rgb(0, 0, 0);\">এই উত্তরে জন্য যেতে হবে সত্তরের দশকের শেষদিক। ফ্রান্সের দুই বন্ধু—পলিটেকনিশিয়ান জ্যাক ডি বুইসন ও প্রেস বিশেষজ্ঞ ক্রিশ্চিয়ান বেলির উদ্যোগে শুরু হয় ‘লা বুগি ডু সাপার’-এর যাত্রা। ইংরেজিতে যার অর্থ ‘দ্য সাপার’স ক্যান্ডেল’। নামটি নেওয়া হয়েছে উনিশ শতকের ফরাসি কার্টুনিস্ট সাপার বা স্যাপার ক্যামেম্বারের নাম থেকে। </span></p><p class=\"ql-align-justify\"><span style=\"color: rgb(0, 0, 0);\">২০ পৃষ্ঠার এই সংবাদপত্রে বৈশিষ্ট্য হলো, এর নতুন সংখ্যা প্রকাশ করা হয় কেবল ২৯ ফেব্রুয়ারি। ৪.৯০ ইউরো বা ৪.২০ ডলার দামের ট্যাবলয়েডটির প্রচার সংখ্যা এখন ২ লাখ। </span></p><p class=\"ql-align-justify\"><span style=\"color: rgb(0, 0, 0);\">‘লা বুজি দি স্যাপর’-এর সম্পাদক জিন ডি ইন্ডি জানান, প্রথম সংখ্যা প্রকাশের পর মাত্র দুই দিনেই সব কপি বিক্রি হয়ে যায়। হকাররা তখন আরও কপি চাইলে তিনি বলেন—‘ঠিক আছে, কিন্তু মাত্র চার বছর লাগবে!’</span></p><p class=\"ql-align-justify\"><span style=\"color: rgb(0, 0, 0);\">রম্যধর্মী পত্রিকা হলেও সাধারণ সংবাদপত্রের মতোই সাজানো হয়েছে ‘লা বুজি দি স্যাপর’। এতে রাজনীতি, খেলাধুলা, আন্তর্জাতিক ঘটনা, শিল্প-সংস্কৃতি, ধাঁধা এমনকি তারকাদের আলাপচারিতাও জায়গা পায়। তবে প্রতিটি প্রতিবেদনই উপস্থাপিত হয় রসিক ভঙ্গিতে। সম্পাদকের ভাষায়, এই পত্রিকা আসলে ‘অ্যান্টি-পলিটিক্যালি কারেক্ট’।</span></p><p class=\"ql-align-justify\"><span style=\"color: rgb(0, 0, 0);\">২০২৪ সালের সংখ্যার প্রথম পাতার মূল প্রতিবেদনের শিরোনাম—‘সকলেই আমরা বুদ্ধিমান হবো’। পরীক্ষা আর মানুষের বুদ্ধিবৃত্তিক পরিমাপের বিষয়গুলো এআইর কারণে কীভাবে বাতিল হয়ে যাচ্ছে, তা নিয়েই এ প্রতিবেদন।</span></p><p class=\"ql-align-justify\"><span style=\"color: rgb(0, 0, 0);\">দ্বিতীয় প্রধান প্রতিবেদনের শিরোনাম—‘নারী হওয়ার আগে পুরুষের যা জানা দরকার’। পুরুষ থেকে রূপান্তরিত নারীরা যে চ্যালেঞ্জগুলো মোকাবিলা করেন, সে প্রসঙ্গ তুলে ধরা হয়েছে প্রতিবেদনে।</span></p><p class=\"ql-align-justify\"><span style=\"color: rgb(0, 0, 0);\">ফরাসি এই রম্য পত্রিকা অন্য কোনো ভাষায় অনূদিত হয় না উল্লেখ করে সম্পাদক ডি ইন্ডি জানান, ‘আমরা বোকা সাজার চেষ্টা করি, কিন্তু রূঢ় হই না। মূলত আমরা মজা করি, কিন্তু সেটা কারও প্রতি নিষ্ঠুর না হয়ে।’</span></p><p class=\"ql-align-justify\"><span style=\"color: rgb(0, 0, 0);\">এই বিশেষ পত্রিকা অনলাইনে প্রকাশিত হয় না। কেবল ফ্রান্সের নিউজ এজেন্ট, হকার ও পত্রিকা বিক্রির বুথগুলোতেই এটি পাওয়া যায়।</span></p><p><br></p></div><div class=\"ql-tooltip ql-hidden\"><a class=\"ql-preview\" rel=\"noopener noreferrer\" target=\"_blank\" href=\"about:blank\"></a>< type=\"text\" data-formula=\"e=mc^2\" data-link=\"https://quilljs.com\" data-video=\"Embed URL\" data-ddg-type=\"unknown\"><a class=\"ql-action\"></a><a class=\"ql-remove\"></a></div>', NULL, NULL, NULL, NULL, NULL, NULL, NULL, NULL, NULL, NULL, NULL, NULL, 3, 1, '2025-08-30 23:04:07', '2025-11-02 21:28:24'),
(47, 'news', 5, 'প্রকৃতির আশীর্বাদপুষ্ট ঔষধি নিম', NULL, 'natures-blessings-neem-a-medicinal-plant', '<div class=\"ql-editor\"><p class=\"ql-align-justify\"><span style=\"color: rgb(0, 0, 0);\">প্রকৃতির এক অনন্য উপহার নিম তার অসামান্য ঔষধি গুণাবলির জন্য বেশ পরিচিত একটি ঔষধি গাছ। এটি আয়ুর্বেদিক, ইউনানি ও লোকজ চিকিৎসায় প্রাচীনকাল থেকেই বেশ সমাদৃত। এই গাছের পাতা, ছাল, মূল, ফুল-ফল, বাকল ও তেল মানবদেহের নানা রোগ নিরাময়ে বেশ কার্যকর। পরিবেশের ভারসাম্য রক্ষায়ও গুরুত্বপূর্ণ ভূমিকা রেখে আসছে এ গাছ।</span></p><p class=\"ql-align-justify\"><span style=\"color: rgb(0, 0, 0);\">জানা গেছে, নিম একটি উপকারী ভেষজ উদ্ভিদ। এর বৈজ্ঞানিক নাম আজাদিরাচটা ইন্ডিকা। এর ইংরেজি নাম নিম। এটি ম্যালিয়াসি পরিবারের অন্তর্গত একটি ভেষজ উদ্ভিদ। নিম একটি বহুবর্ষজীবী চিরহরিৎ বৃক্ষ। এ গাছ আকৃতিতে সাধারণত ৪০ থেকে ৫০ ফুট পর্যন্ত লম্বা হয়ে থাকে। এর কাণ্ডের ব্যস ২০ থেকে ৩০ ইঞ্চি হয়ে থাকে। ডালের চারপাশে ১০ থেকে ১২ ইঞ্চি যৌগিক পাতা জন্মে। নিমের পাতা অনেকটা কাস্তের মতো বাঁকানো। পাতার রং সবুজ। নিমগাছে ছোট ছোট সাদা রঙের সুগন্ধি ফুল ফোটে। </span></p><p class=\"ql-align-justify\"><span style=\"color: rgb(0, 0, 0);\">ছোট ছোট সবুজ রঙের আঙুরের মতো ফল ধরে। এর ফল পাকলে হলুদ রং ধারণ করে। এ গাছ প্রাপ্তবয়স্ক হতে প্রায় ১০ বছরের মতো সময় লাগে। এটি যে কোনো মাটিতে স্বাভাবিকভাবেই বেড়ে ওঠে। এ গাছের সবকিছুই ভেষজ চিকিৎসায় ব্যবহার করা হয়। এ গাছের কাঠ বেশ শক্ত এবং ঘুণে ধরে না। এমনকি এ গাছের কাঠ উইপোকাও খেতে পারে না। </span></p><p class=\"ql-align-justify\"><span style=\"color: rgb(0, 0, 0);\">আয়ুর্বেদ ও ইউনানি চিকিৎসকরা জানান, নিম বহুকাল আগে থেকে মানুষের নানা রোগ নিরাময়ে ওষুধ হিসেবে ব্যবহার হয়ে আসছে। এলোপ্যাথি চিকিৎসা যখন এতটা সহজলভ্য হয়ে ওঠেনি, তখন মানুষ গাছগাছালির মাধ্যমে চিকিৎসা নিত। সে সময় মানবদেহের নানা অসুখ-বিসুখে এই নিমগাছ গুরুত্বপূর্ণ ভূমিকা রেখেছে এবং এখনো রেখে আসছে। নিমগাছের পাতা, ছাল, মূল, ফুল-ফল, বাকল ও তেল মানবদেহের নানা রোগ নিরাময়ে বেশ কার্যকরী ওষুধ। ভাইরাস ও ব্যাকটেরিয়া নাশক হিসেবে নিম খুবই কার্যকর।</span></p><p class=\"ql-align-justify\"><span style=\"color: rgb(0, 0, 0);\">নিমগাছের পাতা মানবদেহের রোগ প্রতিরোধ ক্ষমতা বৃদ্ধি করতে সহায়তা করে। ত্বকের যে কোনো রোগ সারাতে নিমগাছের পাতা বা নিম তেল বেশ কার্যকরী। নিমের তেল ব্যবহারে চুলের গোড়া মজবুত হয়। মাথার খুশকি দূর করে চুলের উজ্জ্বলতা বাড়ায়। নিমপাতা হজমশক্তি বৃদ্ধি করে এবং পেটের গ্যাস, অম্বল ইত্যাদি থেকে মুক্তি দেয়। রক্ত পরিশোধনেও নিমের ভূমিকা অপরিসীম। কৃমিনাশক হিসেবেও নিমের রস বেশ কার্যকরী। ক্ষুধামান্দ্য, বদ ঢেকুর ও বমিভাব সারাতে এ গাছের ফুল ওষুধ হিসেবে ব্যবহার হয়ে থাকে। </span></p><p class=\"ql-align-justify\"><span style=\"color: rgb(0, 0, 0);\">এ ছাড়া চোখের রোগ ও মাথাব্যথায়ও নিমের ফুল এবং পাতা ওষুধ হিসেবে ব্যবহৃত হয়। নিমপাতা বেটে পেস্ট করে কাটা ছেঁড়া বা যে কোনো ক্ষততে লাগালে আরোগ্য পাওয়া যায়। বিশেষ করে যে কোনো চর্মরোগ সারাতে নিমপাতার জুড়ি নেই। নিম ব্যাকটেরিয়া, ভাইরাস ও ছত্রাকের বিরুদ্ধে কাজ করে, তাই এটিকে প্রাকৃতিক অ্যান্টিবায়োটিকও বলা হয়।</span></p><p class=\"ql-align-justify\"><span style=\"color: rgb(0, 0, 0);\">স্থানীয় প্রবীণ বাসিন্দা আবদুল মালেক বলেন, একসময় বন-জঙ্গল ছাড়াও প্রতি বাড়িতেই নিমগাছের উপস্থিতি ছিল। সে সময় মানুষ মনে করত বাড়িতে নিমগাছ থাকলে রোগবালাই কম হয়। আমাদের মা-চাচিরা নানা রোগে নিমপাতা ও নিমগাছের বিভিন্ন অংশ ব্যবহার করতেন। এতে মানুষ সুস্থও হয়ে উঠত। তবে এখনকার মানুষজন গাছগাছালির প্রতি ততটা আকৃষ্ট নয়। তাই নিমগাছের মতো অনেক উপকারী গাছ দিন দিন হারিয়ে যাচ্ছে। এখন আর দশটা বাড়ি ঘুরেও নিমগাছ খুঁজে পাওয়া যাবে না। </span></p><p class=\"ql-align-justify\"><span style=\"color: rgb(0, 0, 0);\">স্থানীয় আরেক প্রবীণ বাসিন্দা ছন্দু মিয়া বলেন, কিশোর বয়সে আমি নিজেও অনেক নিমগাছ লাগিয়েছিলাম। এখন সেসব গাছ আর নেই। ছেলেরা বড় হয়েছে, নাতিরাও বড় হয়েছে। যে কারণে বাসস্থানও বাড়াতে হয়েছে। এতে করে নিমগাছ কাটতে হয়েছে। একই চিত্র প্রায় সবখানে। এসব কারণেই দিন দিন নিমগাছ কমে যাচ্ছে। এখনকার মানুষ বনাজি চিকিৎসা বিশ্বাস করে না। অথচ আল্লাহর দেওয়া এসব গাছগাছালি চিকিৎসাই আদিকালের মানুষ করে এসেছে। </span></p><p><br></p><p><br></p><p><br></p></div><div class=\"ql-tooltip ql-hidden\"><a class=\"ql-preview\" rel=\"noopener noreferrer\" target=\"_blank\" href=\"about:blank\"></a>< type=\"text\" data-formula=\"e=mc^2\" data-link=\"https://quilljs.com\" data-video=\"Embed URL\"><a class=\"ql-action\"></a><a class=\"ql-remove\"></a></div>', NULL, NULL, NULL, NULL, NULL, NULL, NULL, NULL, NULL, NULL, NULL, NULL, 9, 1, '2025-08-30 23:07:16', '2025-11-26 20:10:28'),
(48, 'news', 5, '১২ বলে ১১ ছক্কা', NULL, '11-sixes-off-12-balls', '<div class=\"ql-editor\"><p class=\"ql-align-justify\"><span style=\"color: rgb(0, 0, 0);\">ছয় বলে ছয় ছক্কা হাঁকিয়েছেন রবি শাস্ত্রী, যুবরাজ সিং, হার্শেল গিবস, কাইরন পোলার্ডের মতো তারকারা। কিন্তু ১২ বলে ১১ ছক্কা ক’জনই বা হাঁকাতে পারেন। এবার সেই অবিশ্বাস্য কাণ্ডই করে বসলেন ভারতের এক ব্যাটার। কেরালা ক্রিকেট লিগের ম্যাচে এই কীর্তি গড়েন তিনি। তার নাম সালমান নিজার।</span></p><p class=\"ql-align-justify\"><br></p><p class=\"ql-align-justify\"><span style=\"color: rgb(0, 0, 0);\">তির অনন্তপুরমে কালিকট বনাম ত্রিবান্দ্রমের ম্যাচে আগে ব্যাট করতে নেমে চাপে ছিল কালিকট। ১৮ ওভার শেষে তাদের রান ছিল ৬ উইকেটে ১১৫। ধারণা করা হচ্ছিল, ১২৫-১৩০ রানের মধ্যে শেষ হবে তাদের ইনিংস। কিন্তু পরের দুই ওভারে ম্যাচের দৃশ্যপট বদলে দিলেন সালমান। </span></p><p class=\"ql-align-justify\"><br></p><p class=\"ql-align-justify\"><span style=\"color: rgb(0, 0, 0);\">বাঁহাতি এই ব্যাটার ১৯তম ওভারে প্রথম পাঁচ বলে পাঁচটি ছক্কা মারেন। ভারতীয় ক্রিকেটে পরিচিত নাম, আইপিএল খেলা ক্রিকেটারের বলে এই কাণ্ড করেন তিনি। শেষ বলে সিঙ্গেল নিয়ে শেষ ওভারে নিজের স্ট্রাইক নিশ্চিত করেন সালমান। </span></p><p class=\"ql-align-justify\"><br></p><p class=\"ql-align-justify\"><span style=\"color: rgb(0, 0, 0);\">পরের ওভারে আরও অগ্নিরূপে সালমান। অভিজিৎ প্রবীণের ছয় বলে ছয় ছক্কা হাঁকান তিনি। পাশাপাশি ওয়াইড বলে আরও চার রান দেন বোলার। অর্থাৎ, সেই ওভারে আসে ৪০ রান। শেষ দুই ওভারে ৭১ রান করেন সালমান। শেষ পর্যন্ত ২৬ বলে ৮৬ রানে অপরাজিত থাকেন তিনি। মারেন ১১ ছক্কা। তার ব্যাটে ভর করে ১৮৬ রান করে কালিকট।</span></p><p><br></p><p><br></p></div><div class=\"ql-tooltip ql-hidden\"><a class=\"ql-preview\" rel=\"noopener noreferrer\" target=\"_blank\" href=\"about:blank\"></a>< type=\"text\" data-formula=\"e=mc^2\" data-link=\"https://quilljs.com\" data-video=\"Embed URL\" data-ddg-type=\"unknown\"><a class=\"ql-action\"></a><a class=\"ql-remove\"></a></div>', NULL, NULL, NULL, NULL, NULL, NULL, NULL, NULL, NULL, NULL, NULL, NULL, 5, 1, '2025-08-30 23:29:55', '2025-11-03 12:10:13'),
(49, 'news', 5, 'বঙ্গোপসাগরে সুস্পষ্ট লঘুচাপ, সমুদ্র বন্দরে ৩ নম্বর সতর্ক সংকেত', NULL, 'clear-low-pressure-in-bay-of-bengal-warning-signal-number-3-in-seaports', '<div class=\"ql-editor\"><p>উত্তরপশ্চিম বঙ্গোপসাগর ও তৎসংলগ্ন এলাকায় অবস্থানরত লঘুচাপটি বুধবার (৩ সেপ্টেম্বর) সকাল ৬টায় সুস্পষ্ট লঘুচাপে পরিণত হয়ে একই এলাকায় অবস্থান করছে বলে জানিয়েছে আবহাওয়া অফিস।</p><p class=\"ql-align-justify\"><br></p><p class=\"ql-align-justify\"><span style=\"color: rgba(0, 0, 0, 0.87);\">বুধবার (৩ সেপ্টেম্বর) সকালে সমুদ্র বন্দরের জন্য দেয়া পূর্বাভাসে এ তথ্য জানা গেছে।</span></p><p><br></p><p><span style=\"color: rgba(0, 0, 0, 0.87);\">পূর্বাভাসে বলা হয়, সুস্পষ্ট লঘুচাপটি পশ্চিম-উত্তর দিকে অগ্রসর হতে পারে। এর প্রভাবে উত্তর বঙ্গোপসাগর এলাকায় বায়ু চাপের তারতম্যের আধিক্য বিরাজ করছে। উত্তর বঙ্গোপসাগর, বাংলাদেশের উপকূলীয় এলাকা ও সমুদ্র বন্দরসমূহের ওপর দিয়ে দমকা অথবা ঝড়ো হাওয়া বয়ে যেতে পারে।</span></p><p><br></p><p><span style=\"color: rgba(0, 0, 0, 0.87);\">এদিকে চট্টগ্রাম, কক্সবাজার, মোংলা ও পায়রা সমুদ্র বন্দরসমূহকে ৩ নম্বর স্থানীয় সতর্ক সংকেত দেখাতে বলা হয়েছে।</span></p><p><br></p><p><span style=\"color: rgba(0, 0, 0, 0.87);\">উত্তর বঙ্গোপসাগরে অবস্থানরত মাছ ধরার নৌকা ও ট্রলারসমূহকে পরবর্তী নির্দেশ না দেয়া পর্যন্ত উপকূলের কাছাকাছি এসে সাবধানে চলাচল করতে বলা হয়েছে।</span></p><p><br></p><p><span style=\"color: rgba(0, 0, 0, 0.87);\">এদিকে সকাল ৯টা থেকে সন্ধ্যা ৬টা পর্যন্ত নদী বন্দরের জন্য দেয়া পূর্বাভাসে বলা হয়, খুলনা, বরিশাল, পটুয়াখালী, নোয়াখালী, কুমিল্লা, চট্টগ্রাম ও কক্সবাজার জেলার ওপর দিয়ে দক্ষিণ-পূর্ব অথবা পূর্ব দিক থেকে ঘণ্টায় ৪৫ থেকে ৬০ কিলোমিটার বেগে অস্থায়ীভাবে দমকা অথবা ঝড়ো হাওয়া বয়ে যেতে পারে। সেইসঙ্গে বৃষ্টি অথবা বজ্রসহ বৃষ্টি হতে পারে।</span></p><p><br></p><p><span style=\"color: rgba(0, 0, 0, 0.87);\">তাই এসব এলাকার নদী বন্দরগুলোকে ১ নম্বর সতর্ক সংকেত দেখাতে বলা হয়েছে।</span></p><p><br></p><p><br></p></div><div class=\"ql-tooltip ql-hidden\"><a class=\"ql-preview\" rel=\"noopener noreferrer\" target=\"_blank\" href=\"about:blank\"></a>< type=\"text\" data-formula=\"e=mc^2\" data-link=\"https://quilljs.com\" data-video=\"Embed URL\"><a class=\"ql-action\"></a><a class=\"ql-remove\"></a></div>', NULL, NULL, 1, NULL, NULL, NULL, NULL, NULL, NULL, NULL, NULL, NULL, 5, 1, '2025-09-03 08:14:54', '2025-11-24 18:46:53'),
(50, 'news', 5, 'হাটহাজারী থমথমে, সাত ঘণ্টা পর যান চলাচল শুরু', NULL, 'hathazari-traffic-slows-down-traffic-resumes-after-seven-hours', '<div class=\"ql-editor\"><p>গতকাল শনিবার দিবাগত রাত দুইটা পর্যন্ত দুটি পক্ষ মুখোমুখি অবস্থানে ছিল। পরে তাদের সরিয়ে দেয় সেনাবাহিনী ও পুলিশ। দুই পক্ষের ইটপাটকেল ছোড়াছুড়ির ঘটনায় আহত হয়েছেন দেড় শতাধিক মানুষ।</p><p><br></p><p><span style=\"color: rgb(18, 18, 18);\">সামাজিক যোগাযোগমাধ্যম ফেসবুকে আপত্তিকর পোস্ট দেওয়াকে কেন্দ্র করে চট্টগ্রামের হাটহাজারীতে দুই পক্ষের পাল্টাপাল্টি ধাওয়া ও ইটপাটকেল ছোড়াছুড়ির ঘটনায় এখনো থমথমে পরিস্থিতি বিরাজ করছে। গতকাল শনিবার দিবাগত রাত দুইটা পর্যন্ত দুটি পক্ষ মুখোমুখি অবস্থানে ছিল। পরে তাদের সরিয়ে দেয় সেনাবাহিনী ও পুলিশ। দুই পক্ষের ইটপাটকেল ছোড়াছুড়ির ঘটনায় আহত হয়েছেন দেড় শতাধিক মানুষ।</span></p><p><span style=\"color: rgb(18, 18, 18);\">দুই পক্ষের মুখোমুখি অবস্থানের কারণে গতকাল সন্ধ্যা সাতটা থেকে হাটহাজারী বাসস্ট্যান্ড এলাকায় চট্টগ্রাম-রাঙামাটি ও চট্টগ্রাম-খাগড়াছড়ি সড়কে যান চলাচল বন্ধ হয়ে যায়। তবে দিবাগত রাত দুইটার পর সড়ক থেকে দুই পক্ষের লোকজনকে সরিয়ে নেওয়ায় যান চলাচল শুরু হয়।</span></p><p><br></p><p><span style=\"color: rgb(18, 18, 18);\">সংঘাত এড়াতে গতকাল রাত ১০টার দিকে হাটহাজারী উপজেলা নির্বাহী কর্মকর্তা আবদুল্লাহ আল মুবিন ১৪৪ ধারা জারির নির্দেশ দেন। আজ রোববার বেলা তিনটা পর্যন্ত ১৪৪ ধারা জারি থাকবে বলে উপজেলা প্রশাসনের পক্ষ থেকে জানানো হয়েছে। বিকেল চারটায় হাটহাজারী উপজেলা নির্বাহী কর্মকর্তার কার্যালয়ে দুটি পক্ষকে নিয়ে প্রশাসনের বৈঠকের কথা রয়েছে।</span></p><p><br></p><p><span style=\"color: rgb(18, 18, 18);\">চট্টগ্রামের অতিরিক্ত পুলিশ সুপার (হাটহাজারী সার্কেল) কাজী তারেক আজিজ গতকাল রাত সোয়া দুইটার দিকে প্রথম আলোকে বলেন, ‘সেনাবাহিনী ও পুলিশ সদস্যরা দুই পক্ষকে বুঝিয়ে রাস্তা থেকে সরিয়ে দিয়েছেন। বর্তমানে পরিস্থিতি শান্ত রয়েছে, যান চলাচলও শুরু হয়েছে।’</span></p><p><span style=\"color: rgb(18, 18, 18);\">প্রত্যক্ষদর্শী ও পুলিশ সূত্রে জানা গেছে, জশনে জুলুসে যাওয়া গাড়িবহরের এক যুবক হাটহাজারী বড় মসজিদ লক্ষ করে আপত্তিকর অঙ্গভঙ্গি করে একটি ভিডিও ফেসবুকে পোস্ট করেন। ভিডিওটি ছড়িয়ে পড়লে বিকেলে দারুল উলুম মঈনুল ইসলাম হাটহাজারী বড় মাদ্রাসার শিক্ষার্থী ও কওমি লোকজন ক্ষুব্ধ প্রতিক্রিয়া জানান। পরে ফটিকছড়ি থানা-পুলিশ ওই যুবককে আটক করে।</span></p><p><br></p><p><br></p><p><br></p></div><div class=\"ql-tooltip ql-hidden\"><a class=\"ql-preview\" rel=\"noopener noreferrer\" target=\"_blank\" href=\"about:blank\"></a>< type=\"text\" data-formula=\"e=mc^2\" data-link=\"https://quilljs.com\" data-video=\"Embed URL\"><a class=\"ql-action\"></a><a class=\"ql-remove\"></a></div>', NULL, NULL, NULL, NULL, NULL, NULL, NULL, NULL, NULL, NULL, NULL, NULL, NULL, 1, '2025-09-06 23:55:31', '2025-09-21 19:10:59'),
(51, 'news', 5, 'Rohinga issue update sept 2025', NULL, 'rohinga-issue-update-sept-2025', '<div class=\"ql-editor\"><p>Rohinga</p><p><br></p></div><div class=\"ql-tooltip ql-hidden\"><a class=\"ql-preview\" rel=\"noopener noreferrer\" target=\"_blank\" href=\"about:blank\"></a>< type=\"text\" data-formula=\"e=mc^2\" data-link=\"https://quilljs.com\" data-video=\"Embed URL\"><a class=\"ql-action\"></a><a class=\"ql-remove\"></a></div>', NULL, NULL, NULL, NULL, NULL, NULL, NULL, NULL, NULL, NULL, NULL, NULL, 5, 1, '2025-09-07 00:22:37', '2025-11-24 18:41:10'),
(52, 'news', 5, 'ইউক্রেনের বাফার জোনে বাংলাদেশি ও সৌদি সেনা মোতায়েনের পরিকল্পনা', NULL, 'plans-to-deploy-bangladeshi-and-saudi-troops-in-ukraines-buffer-zone', '<div class=\"ql-editor\"><p><span style=\"color: rgb(20, 21, 20); background-color: rgb(255, 255, 255);\">ইউক্রেন ও রাশিয়ার মধ্যে যুদ্ধবিরতি বাস্তবায়িত হলে একটি বাফার জোন গঠনের পরিকল্পনা করেছে যুক্তরাষ্ট্র। মার্কিন সংবাদমাধ্যম এনবিসি নিউজ জানিয়েছে, ওয়াশিংটন ওই বাফার জোনের নেতৃত্বে থাকলেও সেখানে ন্যাটোবহির্ভূত দেশ থেকে সেনা পাঠানো হতে পারে। </span></p><p><span style=\"color: rgb(20, 21, 20); background-color: rgb(255, 255, 255);\">এর মধ্যে সৌদি আরব ও বাংলাদেশের নাম উল্লেখ করেছে মার্কিন সংবাদমাধ্যমটি।</span></p><p><span style=\"color: rgb(20, 21, 20); background-color: rgb(255, 255, 255);\">যুদ্ধবিরতি চুক্তির সঙ্গে সংশ্লিষ্ট চারজন মার্কিন কর্মকর্তার বরাতে শুক্রবার এনবিসি এ খবর প্রকাশ করেছে।</span></p><p><br></p><p><br></p></div><div class=\"ql-tooltip ql-hidden\"><a class=\"ql-preview\" rel=\"noopener noreferrer\" target=\"_blank\" href=\"about:blank\"></a>< type=\"text\" data-formula=\"e=mc^2\" data-link=\"https://quilljs.com\" data-video=\"Embed URL\"><a class=\"ql-action\"></a><a class=\"ql-remove\"></a></div>', NULL, NULL, NULL, NULL, NULL, NULL, NULL, NULL, NULL, NULL, NULL, NULL, 9, 1, '2025-09-07 01:00:16', '2025-11-03 12:10:06'),
(53, 'news', 5, '৪৭তম বিসিএস পরীক্ষার্থীদের জন্য গুরুত্বপূর্ণ নির্দেশনা', NULL, 'important-instructions-for-47th-bcs-examinees', '<div class=\"ql-editor\"><p>৪৭তম বিসিএস প্রিলিমিনারি পরীক্ষার আগামী ১৯ সেপ্টেম্বর অনুষ্ঠিত হবে। এ উপলক্ষে পরীক্ষার্থীদের জন্য গুরুত্বপূর্ণ নির্দেশনা দিয়ে বিজ্ঞপ্তি প্রকাশ করেছে বাংলাদেশ সরকারি কর্ম কমিশন (পিএসসি)।</p><p><br></p><p>রবিবার (৭ সেপ্টেম্বর) পিএসসির পরীক্ষা নিয়ন্ত্রক (ক্যাডার) মাসুমা আফরীন স্বাক্ষরিত বিজ্ঞপ্তিতে এ তথ্য জানানো হয়েছে।</p><p><br></p><p>এতে বলা হয়, ৪৭তম বিসিএস এর প্রিলিমিনারি টেস্ট (এমসিকিউ) আগামী ১৯ সেপ্টেম্বর সকাল ১০টা থেকে দুপুর ১২টা পর্যন্ত ঢাকাসহ ৮টি বিভাগীয় শহরে একযোগে অনুষ্ঠিত হবে।</p><p><br></p><p>উক্ত পরীক্ষার জন্য গুরুত্বপূর্ণ নির্দেশনা নিম্নরূপ-</p><p><br></p><p>পরীক্ষা হলে বই-পুস্তক, সকল প্রকার ঘড়ি, মোবাইল ফোন, সায়েন্টিফিক/প্রোগ্রামেবল ক্যালকুলেটর, সকল ধরনের ইলেকট্রনিক ডিভাইস, ব্যাংক/ক্রেডিট কার্ডসদৃশ কোন ডিভাইস, গহনা, ব্রেসলেট ও ব্যাগ আনা সম্পূর্ণ নিষিদ্ধ। নিষিদ্ধ সামগ্রীসহ কোনো প্রার্থী পরীক্ষা হলে প্রবেশ করতে পারবেন না।</p><p><br></p><p>পরীক্ষা হলের গেটে এক্সিকিউটিভ ম্যাজিস্ট্রেট-পুলিশের উপস্থিতিতে প্রবেশপত্র এবং মেটাল ডিটেক্টরের সাহায্যে মোবাইল ফোন, ঘড়ি, ইলেকট্রনিক ডিভাইসসহ নিষিদ্ধ সামগ্রী তল্লাশির মধ্য দিয়ে প্রার্থীদের পরীক্ষা হলে প্রবেশ করতে হবে।</p><p><br></p><p>পরীক্ষার দিন উল্লিখিত নিষিদ্ধ সামগ্রী সাথে না আনার জন্য সকল প্রার্থীর মোবাইল ফোনে এস.এম.এস. প্রেরণ করা হবে।</p><p><br></p><p>এসএমএসবার্তার নির্দেশনা অনুসরণ করতে হবে।</p><p><br></p><p>পরীক্ষার সময় প্রার্থীগণ কানের ওপর কোনো আবরণ রাখবেন না, কান খোলা রাখতে হবে। কানে কোনো ধরনের হিয়ারিং এইড ব্যবহারের প্রয়োজন হলে বিশেষজ্ঞ ডাক্তারের পরামর্শ পত্রসহ পূর্বাহ্ণে কমিশনের অনুমোদন গ্রহণ করতে হবে।</p><p><br></p><p>পরীক্ষার হলে কোন প্রার্থীর নিকট বর্ণিত নিষিদ্ধ সামগ্রী পাওয়া গেলে তা বাজেয়াপ্তসহ বাংলাদেশ সিভিল সার্ভিস (বয়স, যোগ্যতা ও সরাসরি নিয়োগের জন্য পরীক্ষা) বিধিমালা, ২০১৪-এর বিধি ভঙ্গের কারণে সংশ্লিষ্ট প্রার্থীর প্রার্থীতা বাতিলসহ ভবিষ্যতে বাংলাদেশ সরকারি কর্ম কমিশন কর্তৃক গৃহীতব্য সব নিয়োগ পরীক্ষার জন্য উক্ত প্রার্থীকে অযোগ্য ঘোষণা করা হবে।</p><p><br></p><p>এছাড়া, বাংলাদেশ সরকারি কর্ম কমিশন আইন, ২০২৩ এর ধারা-১০, ১১, ১২, ১৩ ও ১৪ অনুযায়ী কোন অপরাধ সংঘটন করলে বা সংঘটনে সহায়তা করলে, তিনি যে ধারার অধীন অপরাধ সংঘটন করবেন বা সংঘটনে সহায়তা করবেন, সে ধারায় বর্ণিত দণ্ডে দণ্ডিত হবেন।</p><p>সকাল সাড়ে ৯টার মধ্যে প্রার্থীদের অবশ্যই পরীক্ষার হলে প্রবেশ করতে হবে। সকাল সাড়ে ৯টার পর পরীক্ষার হলে প্রবেশের সকল গেট/ফটক বন্ধ হয়ে যাবে।</p><p><br></p><p>অন্য এক বিজ্ঞপ্তিতে প্রার্থীদের পরীক্ষার হলে উপস্থিতির বিষয়ে বলা হয়েছে, পরীক্ষা হলে অনাকাঙ্ক্ষিত পরিস্থিতি এড়িয়ে চলার লক্ষ্যে হাজিরা তালিকায় প্রার্থীর রেজিস্ট্রেশন নম্বর জোড় ও বিজোড়ে বিন্যস্ত করে এবং প্রতিটি রেজিস্ট্রেশন নম্বর কক্ষওয়ারি দৈবচয়ন ভিত্তিতে সাজিয়ে হাজিরা তালিকা প্রস্তুত করা হয়েছে। দৈবচয়ন প্রক্রিয়ায় নিজ আসন এবং কক্ষ চিহ্নিত করা কিছুটা সময়সাপেক্ষ।</p><p><br></p><p>এ পরিপ্রেক্ষিতে নিজ আসন এবং কক্ষ চিহ্নিত করার জন্য প্রার্থীদেরকে পর্যাপ্ত সময় হাতে নিয়ে নিজ নিজ পরীক্ষা কেন্দ্রে উপস্থিত হওয়ার জন্য অনুরোধ করা হয়েছে কিজ্ঞপ্তিতে।</p><p><br></p><p><br></p></div><div class=\"ql-tooltip ql-hidden\"><a class=\"ql-preview\" rel=\"noopener noreferrer\" target=\"_blank\" href=\"about:blank\"></a>< type=\"text\" data-formula=\"e=mc^2\" data-link=\"https://quilljs.com\" data-video=\"Embed URL\"><a class=\"ql-action\"></a><a class=\"ql-remove\"></a></div>', NULL, NULL, NULL, NULL, NULL, NULL, NULL, NULL, NULL, NULL, NULL, NULL, 2, 1, '2025-09-07 06:43:45', '2025-11-24 18:17:49'),
(54, 'news', 5, 'চন্দ্রগ্রহণ আজ, দেখা যেতে পারে বাংলাদেশ থেকেও', NULL, 'lunar-eclipse-today-can-be-seen-from-bangladesh', '<div class=\"ql-editor\"><p>বাংলাদেশসহ পৃথিবীর বিভিন্ন স্থান থেকে পূর্ণগ্রাস চন্দ্রগ্রহণ দেখা যাবে আজ রবিবার (৭ সেপ্টেম্বর)। তবে আকাশ মেঘমুক্ত থাকলে বাংলাদেশ থেকেও দেখা যাবে এই চন্দ্রগ্রহণ। মোট সাত ঘণ্টা ২৭ মিনিট স্থায়ী হবে গ্রহণ। বাংলাদেশ সময় অনুযায়ী ৭ সেপ্টেম্বর রাত ৯টা ২৭ মিনিটে চন্দ্রগ্রহণ শুরু হবে।</p><p><br></p><p><br></p><p>শনিবার (৬ সেপ্টেম্বর) আন্তঃবাহিনী জনসংযোগ পরিদপ্তর (আইএসপিআর) এক সংবাদ বিজ্ঞপ্তিতে এ তথ্য জানিয়েছে।</p><p><br></p><p>এতে বলা হয়েছে, যদি আকাশ মেঘমুক্ত থাকে তাহলে বাংলাদেশ থেকেও এই চন্দ্রগ্রহণ দেখা যাবে। চন্দ্রগ্রহণটি রবিবার রাত থেকে শুরু হয়ে পরদিন সোমবার ভোর পর্যন্ত চলবে।</p><p><br></p><p>আরো পড়ুন</p><p>ডাকসু নির্বাচন: ছাত্রদল প্যানেলের প্রার্থীদের শপথ আজ</p><p>ডাকসু নির্বাচন: ছাত্রদল প্যানেলের প্রার্থীদের শপথ আজ</p><p><br></p><p>চন্দ্রগ্রহণটি পূর্ণাঙ্গভাবে দেখা যাবে, এমন স্থান হলো—পূর্বে ইন্দোনেশিয়ার হিলা দ্বীপ থেকে শুরু করে পশ্চিমে কেনিয়ার মোম্বাসা বন্দর পর্যন্ত।</p><p><br></p><p><br></p><p>এই দুই প্রান্তের কিছুটা পূর্ব-পশ্চিমেও আংশিক গ্রহণ দেখা যাবে। তবে উত্তর আমেরিকা, ক্যারিবীয় অঞ্চল ও দক্ষিণ আমেরিকার প্রায় ৯০ শতাংশ এলাকা থেকে এটি দেখা যাবে না।</p><p>উল্লেখ্য, আকাশপ্রেমী ও সাধারণ মানুষ— সবার জন্য এটি এক অনন্য সুযোগ। শুধু সৌন্দর্য নয়, চাঁদের লাল রঙের মাধ্যমে পৃথিবীর বায়ুমণ্ডলের অবস্থা পর্যবেক্ষণ করারও বিরল সুযোগ মিলবে।</p><p><br></p><p>কেন হয় চন্দ্রগ্রহণ</p><p>যখন সূর্য, পৃথিবী ও চাঁদ একই সরলরেখায় অবস্থান নেয় এবং পৃথিবী সূর্য ও চাঁদের মাঝখানে চলে আসে, তখন পৃথিবীর ছায়া চাঁদের ওপর পড়ে। এর ফলেই ঘটে চন্দ্রগ্রহণ। তবে তিনটি মহাজাগতিক বস্তুর কৌণিক দূরত্ব নির্ধারণ করে গ্রহণ পূর্ণগ্রাস হবে নাকি খণ্ডগ্রাস।</p><p><br></p><p><br></p></div><div class=\"ql-tooltip ql-hidden\"><a class=\"ql-preview\" rel=\"noopener noreferrer\" target=\"_blank\" href=\"about:blank\"></a>< type=\"text\" data-formula=\"e=mc^2\" data-link=\"https://quilljs.com\" data-video=\"Embed URL\"><a class=\"ql-action\"></a><a class=\"ql-remove\"></a></div>', NULL, NULL, NULL, NULL, NULL, NULL, NULL, NULL, NULL, NULL, NULL, NULL, 2, 1, '2025-09-07 06:48:16', '2025-11-26 19:10:07'),
(55, 'news', 5, 'আজ ইকবাল খন্দকারের অতিথি মিল্টন খন্দকার', NULL, 'today-iqbal-khandakers-guest-is-milton-khandaker', '<div class=\"ql-editor\"><p>জিটিভিতে আজ (রবিবার) রাত ৮টা ৩০ মিনিটে প্রচার হবে আলোঘর প্রকাশনা নিবেদিত শিল্প-সংস্কৃতি বিষয়ক সাপ্তাহিক অনুষ্ঠান ‘শিক্ষা-সংস্কৃতি অনির্বাণ’। অনুষ্ঠানটি উপস্থাপনা করেছেন কথাসাহিত্যিক ইকবাল খন্দকার। আজকের পর্ব তথা ২০তম পর্বের অতিথি গীতিকার, সুরকার ও শিল্পী তৈরির কারিগর মিল্টন খন্দকার। একান্ত আলাপচারিতায় তিনি প্রকাশ করেছেন সংগীতের সঙ্গে তার নিবিড় সম্পৃক্ততার নেপথ্য গল্প।</p><p><br></p><p>যেসব গল্প অনেক দর্শকেরই অজানা। </p><p>জীবনীমূলক এই আয়োজন সম্পর্কে ইকবাল খন্দকার বলেন, ‘আমরা আমাদের শিল্প-সংস্কৃতি অঙ্গনের বরেণ্য মানুষগুলোর সৃষ্টিশীল কাজের সঙ্গেই কেবল পরিচিত। তবে তাদের ব্যক্তিজীবন সম্পর্কে একটু কমই জানি। এই অনুষ্ঠান মূলত তাদের কর্মজীবনের পাশাপাশি ব্যক্তিজীবন সম্পর্কে জানানোর অনুষ্ঠান।</p><p><br></p><p>যে কারণে ইতোমধ্যেই অনুষ্ঠানটি জায়গা করে নিয়েছে দর্শকের পছন্দের তালিকায়।’ </p><p>আর মিল্টন খন্দকার বলেন ‘এই অনুষ্ঠানে নিজের জীবনের কথা তো বলেছিই, বলেছি আমার লেখা এমন কিছু গানের নেপথ্য গল্প, যে গানগুলো দর্শক-শ্রোতার মনে জায়গা করে নিয়েছে সেই কবেই। আশা করছি অনুষ্ঠানটি ভালো লাগবে।’</p><p><br></p><p><br></p></div><div class=\"ql-tooltip ql-hidden\"><a class=\"ql-preview\" rel=\"noopener noreferrer\" target=\"_blank\" href=\"about:blank\"></a>< type=\"text\" data-formula=\"e=mc^2\" data-link=\"https://quilljs.com\" data-video=\"Embed URL\"><a class=\"ql-action\"></a><a class=\"ql-remove\"></a></div>', NULL, NULL, NULL, NULL, NULL, NULL, NULL, NULL, NULL, NULL, NULL, NULL, 2, 1, '2025-09-07 06:55:03', '2025-09-25 12:42:00'),
(56, 'news', 5, 'হবিগঞ্জে কূপে গ্যাসের সন্ধান, ১০ বছরে মিলবে ৪৭০০ কোটি টাকার গ্যাস', NULL, 'Gas discovered in Habiganj well, gas worth Tk 4,700 crore to be found in 10 years', '<div class=\"ql-editor\"><p class=\"ql-align-justify\"><span style=\"background-color: rgb(255, 255, 255); color: rgb(0, 0, 0);\">হবিগঞ্জের বাহুবল উপজেলার রশিদপুর গ্যাসক্ষেত্রের ৩ নম্বর কূপের সংস্কার (ওয়ার্কওভার) কার্যক্রম চালানোর পর নতুন গ্যাসের সন্ধান পাওয়া গেছে। শুক্রবার (৫ সেপ্টেম্বর) কূপটিতে প্রাকৃতিক গ্যাসের প্রবাহ ধরা পড়ে বলে জানিয়েছে সিলেট গ্যাস ফিল্ডস লিমিটেড (এসজিএফএল)।</span></p><p class=\"ql-align-justify\"><br></p><p class=\"ql-align-justify\"><span style=\"background-color: rgb(255, 255, 255); color: rgb(0, 0, 0);\">রোববার (৭ সেপ্টেম্বর) গ্যাসের সন্ধান পাওয়ার বিষয়টি জানিয়ে গণমাধ্যমে বিজ্ঞপ্তি দিয়েছে এসজিএফএল।</span></p><p class=\"ql-align-justify\"><span style=\"background-color: rgb(255, 255, 255); color: rgb(0, 0, 0);\">বিজ্ঞপ্তিতে বলা হয়, রশিদপুর গ্যাসক্ষেত্রের ৩ নম্বর কূপ থেকে ১০ বছরে ২৫ দশমিক ৫৫ মিলিয়ন ঘনফুট গ্যাস উৎপাদন করা সম্ভব হবে বলে আশা করা হচ্ছে। বর্তমানে প্রতি ঘনমিটার এলএনজির দাম ৬৫ টাকা বিবেচনা করলে ওই কূপ থেকে আনুমানিক ৪ হাজার ৭০০ কোটি টাকার গ্যাস পাওয়া যাবে।</span></p><p class=\"ql-align-justify\"><br></p><p class=\"ql-align-justify\"><span style=\"background-color: rgb(255, 255, 255); color: rgb(0, 0, 0);\">এসজিএফএল সূত্র জানায়, এসজিএফএল ও বাপেক্সের কারিগরি বিষয়ে দক্ষ কর্মকর্তা ও কর্মচারীরা ৩ নম্বর কূপের সংস্কারকাজ (ওয়ার্কওভার) সফলভাবে সম্পন্ন করেছেন। বর্তমানে সংস্থাটির আওতায় সিলেট-১০এক্স, সিলেট-১১, ডুপিটিলা-১, কৈলাসটিলা-৯, রশিদপুর-১১ ও রশিদপুর-১৩ নম্বর কূপ খনন এবং কৈলাসটিলা-৯ ও বিয়ানীবাজার-২ নম্বর কূপের ওয়ার্কওভার (সংস্কার) কাজ চলমান।</span></p><p><br></p><p><br></p><p><br></p><p><br></p><p><br></p></div><div class=\"ql-tooltip ql-hidden\"><a class=\"ql-preview\" rel=\"noopener noreferrer\" target=\"_blank\" href=\"about:blank\"></a>< type=\"text\" data-formula=\"e=mc^2\" data-link=\"https://quilljs.com\" data-video=\"Embed URL\"><a class=\"ql-action\"></a><a class=\"ql-remove\"></a></div>', NULL, NULL, NULL, NULL, NULL, NULL, NULL, NULL, NULL, NULL, NULL, NULL, NULL, 4, '2025-09-07 11:48:38', '2025-11-20 11:32:42'),
(57, 'news', 5, 'নিউইয়র্কের উদ্দেশে রওনা হলেন প্রধান উপদেষ্টা', NULL, 'chief-advisor-leaves-for-new-york', '<div class=\"ql-editor\"><p class=\"ql-align-justify\"><span style=\"color: rgb(0, 0, 0); background-color: rgb(255, 255, 255);\">প্রধান উপদেষ্টা অধ্যাপক ড. মুহাম্মদ ইউনূস ৮০তম জাতিসংঘ সাধারণ পরিষদে (ইউএনজিএ) যোগদানের জন্য যুক্তরাষ্ট্রের নিউইয়র্কের উদ্দেশে রওনা হয়েছেন। তাকে বহনকারী এমিরেটসের একটি বিমান রোববার (২১ সেপ্টেম্বর) রাত ১টা ৪০ মিনিটে হযরত শাহজালাল আন্তর্জাতিক বিমানবন্দর ত্যাগ করে।</span></p><p class=\"ql-align-justify\"><span style=\"color: rgb(0, 0, 0); background-color: rgb(255, 255, 255);\">সরকারি প্রতিনিধি দলের অংশ হিসেবে প্রধান উপদেষ্টার সাথে রয়েছেন পাঁচ রাজনৈতিক নেতা। তারা হলেন, বিএনপি মহাসচিব মির্জা ফখরুল ইসলাম আলমগীর, বিএনপির ভারপ্রাপ্ত চেয়ারম্যানের পররাষ্ট্র বিষয়ক উপদেষ্টা হুমায়ুন কবির, জামায়াতে ইসলামীর নায়েবে আমির সৈয়দ আবদুল্লাহ মুহাম্মদ তাহের, জাতীয় নাগরিক পার্টির (এনসিপি) সদস্যসচিব আখতার হোসেন এবং এনসিপির প্রথম সিনিয়র যুগ্ম সদস্য সচিব ড. তাসনিম জারা। এ ছাড়া জামায়াত নেতা মোহাম্মদ নকিবুর রহমান যুক্তরাষ্ট্র থেকে প্রতিনিধি দলের সাথে যোগ দেবেন।</span></p><p class=\"ql-align-justify\"><span style=\"color: rgb(0, 0, 0); background-color: rgb(255, 255, 255);\">প্রধান উপদেষ্টা ২৬ সেপ্টেম্বর জাতিসংঘ সাধারণ পরিষদে ভাষণ দিবেন। ২ অক্টোবর তিনি ঢাকায় ফিরে আসার কথা রয়েছে।</span></p><p><br></p><p><br></p><p><br></p><p><br></p></div><div class=\"ql-tooltip ql-hidden\"><a class=\"ql-preview\" rel=\"noopener noreferrer\" target=\"_blank\" href=\"about:blank\"></a>< type=\"text\" data-formula=\"e=mc^2\" data-link=\"https://quilljs.com\" data-video=\"Embed URL\"><a class=\"ql-action\"></a><a class=\"ql-remove\"></a></div>', NULL, NULL, 1, NULL, 'qtlKOLT8mxY', NULL, NULL, NULL, NULL, NULL, NULL, NULL, 8, 1, '2025-09-21 19:08:09', '2025-11-24 01:08:33'),
(58, 'news', 5, 'কক্সবাজার সৈকতে বন্ধ হচ্ছে লাইফগার্ড সেবা, নেপথ্যে কী', 'বিপদাপন্ন পর্যটক', 'lifeguard-service-is-being-discontinued-at-coxs-bazar-beach-whats-behind-it', '<div class=\"ql-editor\"><p class=\"ql-align-justify\"><span style=\"background-color: rgb(255, 255, 255); color: rgb(0, 0, 0);\">কক্সবাজার সমুদ্রসৈকতে বিপদাপন্ন পর্যটকদের উদ্ধার ও সচেতনতায় এক যুগেরও বেশি সময় আগে শুরু হয় বেসরকারি সংস্থা সি-সেইফ লাইফগার্ডের সেবা কার্যক্রম। কিন্তু সংস্থাটির কার্যক্রম থেমে যাচ্ছে। জানা গেছে তহবিল সংকটে সংস্থাটি এ সিদ্ধান্ত নিয়েছে।</span></p><p class=\"ql-align-justify\"><span style=\"background-color: rgb(255, 255, 255); color: rgb(0, 0, 0);\">প্রতিদিন সকাল ৭টা থেকে সন্ধ্যা ৭টা পর্যন্ত সুগন্ধা-কলাতলী-লাবণী সৈকতে ‘লাল-হলুদ জার্সি’ পড়া কিছু যুবক উদ্ধার সরঞ্জাম নিয়ে একবুক পানিতে চলে যাওয়া পর্যটকদের তীরের কাছাকাছি চলে আসতে হাঁকডাক দেন। চিরচেনা এই চিত্র আগামী ৩০ সেপ্টেম্বর বন্ধ হয়ে যাচ্ছে। কর্মসংস্থান হারাবেন ২৭ লাইফগার্ড কর্মীসহ সংস্থার ৩৫ জন।</span></p><p class=\"ql-align-justify\"><span style=\"background-color: rgb(255, 255, 255); color: rgb(0, 0, 0);\">বিদেশি সংস্থা ‘রয়্যাল ন্যাশনাল লাইফবোট ইনস্টিটিউটের (আরএনএলআই) অর্থায়নে ২০১২ সাল থেকে সি-সেইফ লাইফগার্ড সৈকতে সেবা কার্যক্রম পরিচালনা করে আসছে। গত এক যুগে ২৭ জন লাইফগার্ড কর্মী সৈকতের কলাতলী থেকে লাবণী পয়েন্ট পর্যন্ত পাঁচ কিলোমিটারে স্রোতের টানে ভেসে যাওয়া অন্তত ৮১৫ পর্যটক-দর্শনার্থীকে উদ্ধার করেছেন।</span></p><p class=\"ql-align-justify\"><span style=\"background-color: rgb(255, 255, 255); color: rgb(0, 0, 0);\">সি-সেইফ লাইফগার্ডের সিনিয়র কর্মী ও ট্রেইনার মোহাম্মদ ওসমান বলেন, গত সপ্তাহেও সৈকতের সুগন্ধা ও লাবণী পয়েন্টে ভেসে যাওয়ার সময় সাতজনকে উদ্ধার করা হয়।</span></p><p class=\"ql-align-justify\"><span style=\"background-color: rgb(255, 255, 255); color: rgb(0, 0, 0);\">সংস্থার আঞ্চলিক ব্যবস্থাপক ইমতিয়াজ আহমেদ বলেন, তহবিল সংকটে গত বছরের ডিসেম্বর মাসে সি-সেইফ প্রকল্পের মেয়াদ শেষ হয়েছিল। পর্যটকদের নিরাপত্তার বিষয়টি মাথায় রেখে কক্সবাজারের জেলা প্রশাসকের তৎপরতায় দাতা সংস্থা প্রকল্পের মেয়াদ গত জুন পর্যন্ত ছয় মাস বাড়ায়। দ্বিতীয় দফায় ৩০ সেপ্টেম্বর পর্যন্ত আরও তিন মাস বাড়ানো হয়। অর্থের জোগান না হওয়ায় চলতি সেপ্টেম্বরেই লাইফগার্ড সেবা বন্ধ হয়ে যাচ্ছে।</span></p><p class=\"ql-align-justify\"><span style=\"background-color: rgb(255, 255, 255); color: rgb(0, 0, 0);\">লাইফগার্ড হিসেবে সেবা দেওয়া নাইক্ষ্যংছড়ির জয়নাল আবেদীন বলেন, লাইফগার্ডের প্রশিক্ষণ নেওয়ার পর থেকে গত এক যুগ এটা করেই সংসার চালিয়েছি। সমুদ্রে কোনো পর্যটক ভেসে গেলে আমরা ঝুঁকি নিয়ে জীবন বাঁচাই, এখন আমাদের জীবনটাই ঝুঁকিতে পড়ে গেল। আমি ৯৮ পর্যটকের প্রাণ বাঁচাতে পেরেছি। এখন আমাদের বাঁচানোর কেউ নেই।</span></p><p class=\"ql-align-justify\"><span style=\"background-color: rgb(255, 255, 255); color: rgb(0, 0, 0);\">লাইফগার্ড কর্মী বান্দরবানের লামার আকরাম ত্রিপুরা বলেন, গত প্রায় একযুগ লাইফগার্ড হিসেবে সৈকতে সেবা দিচ্ছি। ২০ হাজার টাকা বেতনে স্ত্রী ও সন্তান নিয়ে শহরের লাইটহাউসে ভাড়া বাসায় থেকে সংসার টানতে হিমশিম খেতাম। আগামী মাস থেকে কীভাবে সংসার চালাব ভেবে পাচ্ছি না।</span></p><p class=\"ql-align-justify\"><span style=\"background-color: rgb(255, 255, 255); color: rgb(0, 0, 0);\">বিচ ম্যানেজমেন্ট কমিটির তত্ত্বাবধায়ক ও এডিএম মো. শাহিদুল আলম বলেন, তহবিল সংকটের কারণে লাইফগার্ড সেবা সেপ্টেম্বরে বন্ধ হওয়ার বিষয়টি পর্যটন মন্ত্রণালয়কে জানানো হয়েছে। মন্ত্রণালয়ের নির্দেশনা হলো, সৈকত এলাকার হোটেলগুলোর মাধ্যমে লাইফগার্ড সেবা চালু রাখতে হবে।</span></p><p class=\"ql-align-justify\"><span style=\"background-color: rgb(255, 255, 255); color: rgb(0, 0, 0);\">কক্সবাজার হোটেল ও গেস্ট হাউস মালিক সমিতির সভাপতি আবুল কাশেম সিকদার বলেন, হোটেলসমূহের ব্যবস্থাপনায় লাইফগার্ড পরিচালনার নির্দেশনা পর্যটন মন্ত্রণালয় ও জেলা প্রশাসন থেকে দেওয়া হয়েছে। হোটেল মালিকরা মাসে ১৪-১৫ লাখ টাকার জোগান দিতে পারবে কি না, সন্দেহ আছে।</span></p><p class=\"ql-align-justify\"><span style=\"background-color: rgb(255, 255, 255); color: rgb(0, 0, 0);\">ট্যুরিস্ট পুলিশ কক্সবাজার রিজিওনের প্রধান অতিরিক্ত ডিআইজি আপেল মাহমুদ বলেন, লাইফগার্ড না থাকলে কত পর্যটকের মৃত্যু হতো, তা সহজে আন্দাজ করা যায়। অক্টোবর থেকে লাইফগার্ড থাকছে না। তখন পরিস্থিতি কী হবে সেটাই ভাবছি।</span></p><p class=\"ql-align-justify\"><span style=\"background-color: rgb(255, 255, 255); color: rgb(0, 0, 0);\">কক্সবাজার চেম্বার অব কমার্স অ্যান্ড ইন্ডাস্ট্রির সভাপতি আবু মোরশেদ চৌধুরী খোকা বলেন, পর্যটন অনুষঙ্গ হিসেবে লাইফগার্ড অবিচ্ছেদ্য অংশ হয়ে দাঁড়িয়েছে। এতদিন বেসরকারি সংস্থা চালিয়েছে, এখন সরকারি বা হোটেল কর্তৃপক্ষের অর্থায়নে চলবে কি না সেটা সিদ্ধান্ত নেওয়া এবং বাস্তবায়ন করা সময়সাপেক্ষ বিষয়।</span></p><p><br></p><p><br></p><p><br></p><p><br></p><p><br></p></div><div class=\"ql-tooltip ql-hidden\"><a class=\"ql-preview\" rel=\"noopener noreferrer\" target=\"_blank\" href=\"about:blank\"></a>< type=\"text\" data-formula=\"e=mc^2\" data-link=\"https://quilljs.com\" data-video=\"Embed URL\"><a class=\"ql-action\"></a><a class=\"ql-remove\"></a></div>', NULL, NULL, 2, NULL, 'jIQDnwowDK4', NULL, 'বিপদাপন্ন পর্যটকদের উদ্ধার ও সচেতনতা | কক্সবাজার সমুদ্রসৈকত', NULL, NULL, NULL, NULL, NULL, 5, 1, '2025-09-21 19:41:04', '2025-11-24 18:41:08'),
(59, 'news', 5, 'সমুদ্রে পর্যটকদের জন্য জরুরি নির্দেশনা', 'লাল পতাকা', 'emergency-instructions-for-tourists-at-sea', '<div class=\"ql-editor\"><p><span style=\"background-color: rgb(255, 255, 255); color: rgb(0, 0, 0);\">পর্যটকদের জন্য জরুরি নির্দেশনা দিয়েছে বেসামরিক বিমান পরিবহন ও পর্যটন মন্ত্রণালয়। নির্দেশনায় বলা হয়েছে, যেসব স্থানে লাল পতাকা টানানো রয়েছে, সেসব এলাকাকে বিপজ্জনক হিসেবে চিহ্নিত করা হয়েছে, এমন স্থানে কোনোভাবেই পানিতে নামা যাবে না। পর্যটকদের সার্বিক নিরাপত্তা নিশ্চিত করতে জেলা প্রশাসন, ট্যুরিস্ট পুলিশ, বিচকর্মী ও লাইফগার্ড সব সময় দায়িত্ব পালন করছেন।</span></p><p class=\"ql-align-justify\"><span style=\"background-color: rgb(255, 255, 255); color: rgb(0, 0, 0);\">সতর্কবার্তায় বলা হয়েছে, লাইফগার্ডের সেবার আওতায় থাকা নির্ধারিত সীমানার মধ্যে থেকেই কেবল পানিতে নামা যাবে। এই সীমানার বাইরে গেলে বিপদের সময় সহায়তা পাওয়া কঠিন বা অসম্ভব হতে পারে।</span></p><p class=\"ql-align-justify\"><span style=\"background-color: rgb(255, 255, 255); color: rgb(0, 0, 0);\">পানিতে নামার আগে জোয়ার-ভাটার সময়, সমুদ্রের বর্তমান অবস্থা এবং আবহাওয়ার পূর্বাভাস জেনে নেওয়ার পরামর্শ দেওয়া হয়েছে। খারাপ আবহাওয়ার সময় বা ভাটার টান চলাকালীন বেপরোয়াভাবে সাগরে না নামারও নির্দেশনা রয়েছে।</span></p><p class=\"ql-align-justify\"><span style=\"background-color: rgb(255, 255, 255); color: rgb(0, 0, 0);\">নির্দেশনায় সাঁতার না জানা ব্যক্তিদের সমুদ্রে না নামার পরামর্শ দেওয়া হয়েছে। এছাড়া, হোটেল, মোটেল, গেস্ট হাউস ও রিসোর্টগুলোকে পর্যটকদের জন্য বাধ্যতামূলকভাবে লাইফ জ্যাকেট সরবরাহের ব্যবস্থা রাখতে বলা হয়েছে। লাইফগার্ড হিসেবে টিউব ব্যবহারে নিরুৎসাহিত করা হয়েছে এবং লাইফ জ্যাকেট পরা বাধ্যতামূলক করা হয়েছে। শিশুদের সব সময় অভিভাবকদের তত্ত্বাবধানে রাখার পরামর্শও দেওয়া হয়েছে।</span></p><p class=\"ql-align-justify\"><span style=\"background-color: rgb(255, 255, 255); color: rgb(0, 0, 0);\">নির্দেশনায় কোনো শিশু বা অপ্রাপ্তবয়স্ক সন্তান নিয়ে সৈকতে গেলে তার সদ্যতোলা ছবি মোবাইলে সংরক্ষণ করে রাখার অনুরোধ করা হয়েছে। শিশুর খোঁজে দ্রুত সহায়তা পেতে এ নির্দেশনা দেওয়া হয়েছে। এছাড়া সমুদ্রের স্রোতের প্রকৃতি সম্পর্কে সচেতন থাকতে বলা হয়েছে, বিশেষ করে তীব্র স্রোত, ঘূর্ণি স্রোত, উল্টো স্রোত বা নিম্নমুখী প্রবাহ খুবই বিপজ্জনক হতে পারে। জলোচ্ছ্বাস বা অতিরিক্ত স্রোতের ফলে সমুদ্রতটে তৈরি হওয়া বালি সরার ফাঁকা জায়গা ও গর্ত থেকেও সাবধান থাকতে বলা হয়েছে।</span></p><p class=\"ql-align-justify\"><span style=\"background-color: rgb(255, 255, 255); color: rgb(0, 0, 0);\">বিজ্ঞপ্তিতে অপ্রশিক্ষিত ব্যক্তি দিয়ে উদ্ধারকাজ পরিচালনা না করার পরামর্শ দেওয়া হয়েছে। কেননা এতে উদ্ধারের বদলে আরও প্রাণহানির আশঙ্কা তৈরি হতে পারে।</span></p><p><br></p><p><br></p><p><br></p><p><br></p></div><div class=\"ql-tooltip ql-hidden\"><a class=\"ql-preview\" rel=\"noopener noreferrer\" target=\"_blank\" href=\"about:blank\"></a>< type=\"text\" data-formula=\"e=mc^2\" data-link=\"https://quilljs.com\" data-video=\"Embed URL\"><a class=\"ql-action\"></a><a class=\"ql-remove\"></a></div>', 'হোটেল, মোটেল, গেস্ট হাউস ও রিসোর্টগুলোকে পর্যটকদের জন্য বাধ্যতামূলকভাবে লাইফ জ্যাকেট সরবরাহের ব্যবস্থা রাখতে বলা হয়েছে', NULL, 1, NULL, 'zCSmY_WjvPs', NULL, NULL, NULL, 'লাল পতাকা টানানো এলাকাকে বিপজ্জনক হিসেবে চিহ্নিত করা হয়েছে, এমন স্থানে কোনোভাবেই পানিতে নামা যাবে না।', NULL, NULL, NULL, 8, 1, '2025-09-21 20:41:07', '2025-11-24 18:46:43'),
(61, 'news', 5, 'বিদেশি ঋণে রেকর্ড, ১১২ বিলিয়ন ডলার ছাড়াল', NULL, 'foreign-debt-hits-record-surpasses-dollar112-billion', '<div class=\"ql-editor\"><p class=\"ql-align-justify\"><span style=\"background-color: rgb(255, 255, 255); color: rgb(0, 0, 0);\">আইএমএফ, বিশ্বব্যাংক ও এডিবিসহ বিভিন্ন আন্তর্জাতিক সংস্থা থেকে গত জুন মাসেই বাংলাদেশ পেয়েছে ৫ বিলিয়ন ডলারের বেশি ঋণ। এতে দেশের বৈদেশিক ঋণের পরিমাণ বেড়ে দাঁড়িয়েছে ১১২ দশমিক ১৫ বিলিয়ন ডলারে, যা টাকায় প্রায় ১৩ লাখ ৬২ হাজার কোটি টাকা। মাত্র তিন মাসে ঋণ বেড়েছে ৭৩৫ কোটি ডলার বা ৭ দশমিক ০১ শতাংশ। বিশেষজ্ঞরা বলছেন, বেসরকারি খাতে ঋণ কমলেও সরকারি খাতে ঋণ বৃদ্ধির কারণেই মোট ঋণ বেড়েছে।</span></p><p class=\"ql-align-justify\"><span style=\"background-color: rgb(255, 255, 255); color: rgb(0, 0, 0);\">সংশ্লিষ্ট সূত্র জানায়, আগের সরকারের সময়ে সবচেয়ে বড় সংকট ছিল ডলার ঘাটতি। এর প্রভাবে রেকর্ড মূল্যস্ফীতি দেখা দেয় এবং বিদেশি প্রতিষ্ঠানগুলোর কাছে পাওনাও বাড়ে, যার মধ্যে ভারতের আদানি গ্রুপের সঙ্গেও টানাপোড়েন তৈরি হয়েছিল। তবে ২০২৪ সালের ৫ আগস্ট সরকার পরিবর্তনের পর নতুন প্রশাসন অর্থ পাচার রোধে কঠোর অবস্থান নেয়। এরই মধ্যে গত অর্থবছরে রেকর্ড ৫৭০ কোটি ৪৫ লাখ ডলার ঋণ পরিশোধ করা হয়েছে, যা তার আগের বছর ছিল ৪৭৯ কোটি ৫৪ লাখ ডলার।</span></p><p class=\"ql-align-justify\"><span style=\"background-color: rgb(255, 255, 255); color: rgb(0, 0, 0);\">বাংলাদেশ ব্যাংকের তথ্যমতে, গত অর্থবছরে দেশে রেমিট্যান্স এসেছে ৩০ বিলিয়ন ডলারের বেশি, আর রপ্তানি আয়ে হয়েছে প্রায় ১০ শতাংশ প্রবৃদ্ধি। এসবের পাশাপাশি কম সুদের বৈদেশিক ঋণের প্রাপ্তিতে ডলার বাজারেও স্বস্তি ফিরেছে।</span></p><p class=\"ql-align-justify\"><span style=\"background-color: rgb(255, 255, 255); color: rgb(0, 0, 0);\">২০২৫ সালের জুন শেষে দেশের মোট বৈদেশিক মুদ্রার রিজার্ভ দাঁড়িয়েছে ৩১ দশমিক ৭৭ বিলিয়ন ডলারে (গ্রস রিজার্ভ)। আন্তর্জাতিক মুদ্রা তহবিলের হিসাব অনুযায়ী (বিপিএম–৬), রিজার্ভ ছিল ২৬ দশমিক ৭৪ বিলিয়ন ডলার, যা প্রায় তিন বছরের মধ্যে সর্বোচ্চ। ডলারের বিনিময় হার ১২২ টাকার মধ্যে স্থিতিশীল রয়েছে, যদিও মাঝে কিছুটা কমে ১১৯ দশমিক ৫০ টাকায় নেমেছিল। ডলার দর কমে গেলে রেমিট্যান্স ও রপ্তানি আয় কমতে পারে—এই শঙ্কায় বাংলাদেশ ব্যাংক ইতিমধ্যে বাজার থেকে ১৭৪ কোটি ৭৫ লাখ ডলার কিনেছে। ফলে আকুর দায় পরিশোধের পরও রিজার্ভ আবার ৩১ বিলিয়ন ডলারে পৌঁছেছে।</span></p><p class=\"ql-align-justify\"><span style=\"background-color: rgb(255, 255, 255); color: rgb(0, 0, 0);\">তথ্য বলছে, বেসরকারি খাতে বৈদেশিক ঋণ জুন শেষে কমে দাঁড়িয়েছে ১৯ দশমিক ৭৮ বিলিয়ন ডলারে, যেখানে মার্চে ছিল ১৯.৮৮ বিলিয়ন ডলার। অপরদিকে, সরকারি খাতে ঋণ বেড়ে হয়েছে ৯ হাজার ২৩৮ কোটি ডলার, যা মার্চে ছিল ৮ হাজার ৪৯২ কোটি ডলার। অর্থাৎ তিন মাসে সরকারি খাতে ঋণ বেড়েছে ৮.৭৭ শতাংশ।</span></p><p class=\"ql-align-justify\"><span style=\"background-color: rgb(255, 255, 255); color: rgb(0, 0, 0);\">দীর্ঘমেয়াদে বৈদেশিক ঋণের চিত্র বলছে, ২০১৫-১৬ অর্থবছরে বাংলাদেশের বৈদেশিক ঋণের পরিমাণ ছিল ৪১ দশমিক ১৭ বিলিয়ন ডলার। অর্থাৎ গত ১০ বছরে ঋণের পরিমাণ প্রায় তিনগুণ বেড়েছে। ২০২৩ সালের ডিসেম্বর মাসে দেশ প্রথমবারের মতো ১০০ বিলিয়ন ডলার ঋণের মাইলফলক অতিক্রম করে।</span></p><p class=\"ql-align-justify\"><span style=\"background-color: rgb(255, 255, 255); color: rgb(0, 0, 0);\">জাতিসংঘ জনসংখ্যা তহবিলের (ইউএনএফপিএ) অনুযায়ী, ২০২৫ সালে বাংলাদেশের জনসংখ্যা ১৭ কোটি ৫৭ লাখ। সেই হিসেবে, বর্তমানে মাথাপিছু বৈদেশিক ঋণ দাঁড়িয়েছে ৬৩৮ ডলার বা প্রায় ৭৭ হাজার ৪৩৩ টাকা। ১০ বছর আগে এ অঙ্ক ছিল মাত্র ২৫৭ ডলার।</span></p><p class=\"ql-align-justify\"><span style=\"background-color: rgb(255, 255, 255); color: rgb(0, 0, 0);\">বাংলাদেশ ব্যাংকের সর্বশেষ তথ্য অনুযায়ী, দেশের মোট বৈদেশিক ঋণের মধ্যে সরকারি খাতের অংশ ৮২ শতাংশ, আর বেসরকারি খাতের অংশ ১৮ শতাংশ।</span></p><p><br></p><p><br></p><p><br></p></div><div class=\"ql-tooltip ql-hidden\"><a class=\"ql-preview\" rel=\"noopener noreferrer\" target=\"_blank\" href=\"about:blank\"></a>< type=\"text\" data-formula=\"e=mc^2\" data-link=\"https://quilljs.com\" data-video=\"Embed URL\"><a class=\"ql-action\"></a><a class=\"ql-remove\"></a></div>', NULL, NULL, NULL, NULL, 'Xz1tpYrTnM0', NULL, NULL, NULL, NULL, NULL, NULL, NULL, 5, 1, '2025-09-24 02:23:05', '2025-10-11 22:02:28'),
(62, 'news', 7, 'সৈকতের বালিয়াড়ি নিয়ে হচ্ছে কি?', 'আদালতের নির্দেশ উপেক্ষিত, দখলের হিড়িক', 'What-is-happening-to-the-sand-dunes-on-the-beach?', '<div class=\"ql-editor\"><p><span style=\"color: rgb(51, 51, 51);\">বিশ্বের দীর্ঘতম সমুদ্র সৈকতের শহর কক্সবাজার। ১৯৯৯ সালে কক্সবাজার থেকে টেকনাফ পর্যন্ত ১২০ কিলোমিটার দৈর্ঘ্যের সমুদ্র সৈকতকে ইসিএ এলাকা হিসেবে ঘোষণা করে সরকার। সেই আইন অনুযায়ী, সৈকতের জোয়ার-ভাটার অঞ্চল থেকে ৩০০ মিটার পর্যন্ত যেকোনো স্থাপনা নির্মাণ ও উন্নয়ন নিষিদ্ধ। কিন্তু এ আইন কেউ মানছেন না। এছাড়া এ আইন অনুযায়ী উচ্চ আদালত ২০১১ সালে সৈকতের বালিয়াড়িতে সকল স্থাপনা উচ্ছেদের নির্দেশ দেয়। সেই নির্দেশের আলোকে ২০২২ সালে প্রায় ৫ শতাধিক স্থাপনা উচ্ছেদ করে প্রশাসন।</span></p><p><br></p><p><span style=\"color: rgb(51, 51, 51);\">তবে থেকে যায় আরো তিন শতাধিক স্থাপনা। সেই সব স্থাপনাও পরে উচ্ছেদের কথা ছিল। কিন্তু সে কথা রাখেনি প্রশাসন। পরে উচ্ছেদ হওয়া স্থাপনা আবারও নতুন করে তৈরি হয়ে যায়। আর এর মধ্যে এবার নতুন চুক্তি করে সৈকতে স্থাপনা নির্মাণের অনুমতি দিয়েছে জেলা প্রশাসনের পর্যটন সেল। </span></p><p><br></p><p><span style=\"color: rgb(51, 51, 51);\">ফলে সৈকতের বালিয়াড়ি দখল ও স্থাপনা নির্মাণের হিড়িক পড়েছে। কক্সবাজার শহরের নাজিরারটেক, লাবনী, সুগন্ধা, কলাতলী, দরিয়ানগর, হিমছড়ি, সোনারপাড়া, ইনানী,পাটুয়ারটেক ও টেকনাফ সৈকতে কয়েকশ দোকান-পাট ও স্থাপনা তৈরি করা হয়েছে।</span></p><p><br></p><p><span style=\"color: rgb(51, 51, 51);\">সম্প্রতি সৈকতের কলাতলী ও সুগন্ধা পয়েন্টে রাতারাতি শতাধিক দোকান তৈরি হয়েছে। বলা হচ্ছে , কক্সবাজার প্রশাসনের অনুমতি নিয়ে বসানো হচ্ছে এসব দোকান।</span></p><p><span style=\"color: rgb(51, 51, 51);\">এবিষয়ে বালিয়াড়ির দোকানদার মো. জয়নাল আবেদীন বলেন, একটি খাবারের দোকানের জন্য জেলা প্রশাসনের বীচ ম্যানেজমেন্ট কমিটির ব্যাংক একাউন্টে এবং এলআর ফান্ডের একাউন্টে টাকা জমা দিয়ে ব্যাংক স্লিপ সহ পর্যটন সেলে জমা দিতে হয়।</span></p><p><br></p><p><span style=\"color: rgb(51, 51, 51);\">তবে অপর একজন নাম প্রকাশ না করার শর্তে বলেন, প্রক্রিয়া মত কার্ড পাওয়া যায় না। বছরের পর বছর আপনি বালিয়াড়িতে ব্যবসা করতে পারবেন কার্ড ভাড়া নিয়ে। কিন্তু আপনি যদি কার্ড নিজের নামে চান তবে এই টাকার সাথে আরো অতিরিক্ত টাকা গুণতে হবে আপনাকে।</span></p><p><br></p><p><span style=\"color: rgb(51, 51, 51);\">জেলা প্রশাসনের তথ্য বলছে, এবারের যেসব কার্ড নতুন করে অনুমোদন দেওয়া রয়েছে, তাদের অধিকাংশই বর্তমান সময়ে ক্ষমতাধর রাজনৈতিক, ছাত্র নেতৃবৃন্দ, সাংবাদিকসহ বিভিন্ন প্রভাবশালী মহল।</span></p><p><br></p><p><span style=\"color: rgb(51, 51, 51);\">বীচ ম্যানেজমেন্ট কমিটি ও বালিয়াড়ি ভাড়া নেওয়া দোকানদারদের কাছ থেকে প্রাপ্ত তথ্য মতে, কক্সবাজার সমুদ্র সৈকতের লাবনী পয়েন্ট থেকে কলাতলী মোড় পর্যন্ত দুরত্ব ১ কি.মি.। ৩০০ মিটারের কম প্রস্থের এই দুরত্বের বালিয়াড়িতে আগে থেকেই ৮৩০ টি চটপটি, ফুচকা, চা, ফিশ ফ্রাই, আচারের দোকান রয়েছে। এছাড়া একই দুরত্বের পথে ১ হাজারের ছাতা, চেয়ার, দুই শতাধিক টিউব, প্রায়ই সাড়ে ৪শ ফটোগ্রাফার, ৬০ টি বীচ বাইক ও ৬২ টি ওয়াটার বাইক রয়েছে। এছাড়া ডজন খানেক লকার, ২ টি বক্সার সহ ১ টি মিনি শিশু পার্ক রয়েছে। এই স্বল্প জায়গাতে গেল মাসের শেষ ভাগে নতুন করে আরো ৪ শতাধিক দোকান ও ৬ শতাধিক ছাতা চেয়ার বসানোর অনুমতি দিয়েছে পর্যটন সেল। এরই প্রেক্ষিতে গত ২৩ সেপ্টেম্বর পরিবেশ, বন ও জলবায়ু মন্ত্রণালয় থেকে সৈকতে বসানো অবৈধ দোকানপাট ও স্থাপনা উচ্ছেদ করতে জেলা প্রশাসন ও পরিবেশ অধিদপ্তরকে নির্দেশনা দেওয়া হয়। এদিকে সমুদ্রসৈকতের ইসিএ এলাকা দখলমুক্ত করতে দুই সচিবসহ সরকারি আটজন কর্মকর্তাকে আইনি নোটিশ পাঠিয়েছে বাংলাদেশ পরিবেশ আইনবিদ সমিতি (বেলা)। তবুও উচ্ছেদ হয়নি স্থাপনা উল্টো আরো স্থাপনা অনুমোদন দেওয়ার পায়তারা করছে প্রশাসন।</span></p><p><br></p><p><span style=\"color: rgb(51, 51, 51);\">সরেজমিনে কক্সবাজার সমুদ্র সৈকতে গিয়ে দেখা যায়, লাবনী পয়েন্টের ট্যুরিষ্ট পুলিশ ভবনের বিপরীতে বালিয়াড়ি ঘেষেই পাবলিক টয়লেট। এর পাশ দিয়ে বালিয়াড়িতে পা দিলেই দেখা মিলে ৬/৭ টি খাবারের দোকান। দক্ষিণে কলাতলীর দিকে হাটতেই লাবনী পয়েন্টেই রয়েছে ২৫০ খাবার, ঝিনুকের দোকান। আরেকটু সামনে হাঁটলেই ট্যুরিষ্ট পুলিশ বক্সের পশ্চিমে ফের শামুক ঝিনুকের দোকান। অথচ এইখানেই রয়েছে ছাতা মার্কেট। বালিয়াড়ি ঘেষেই বিজিবির উর্মি রেষ্ট হাইজ ও রেষ্টুরেন্ট, এরপরই জলতরঙ্গ, তারপরে অল্প পরিমান ঝাউবন থাকলেও এরপরই বসানো হয়েছে নতুন করে ১১০টির মত টং দোকান, এরপর জেলা পরিষদের চেঞ্জিং রুম, এর পাশ ঘেঁষে মসজিদ। মসজিদ ঘেঁষেই সুগন্ধা পয়েন্টে সাড়ে ৫৫০ মত দোকান। এই দোকানের মাঝের ফাকাঁ জায়গায় বসানো হয়েঝে লকার, বক্সার সাথে অসংখ্য ভ্রাম্যমান হকার। এরপর কিছুটা বালিয়াড়ি ফাকা থাকলেও কলাতলীতে রয়েছে ৩০ টি দোকান সহ কয়েকটি রেষ্টুরেন্ট। এর ১ কিলোমিটার বালিয়াড়ির একদম সমুদ্র ঘেষে উত্তর-দক্ষিনে সারিবদ্ধভাবে বসানো হয়েছে হাজারো ছাতা চেয়ার। এছাড়া লাবনী পয়েন্টে সমুদ্রে দাপিয়ে পড়েছে ওয়াটার বাইক আর বালিয়াড়িতে বীচ বাইক।</span></p><p><br></p><p><span style=\"color: rgb(51, 51, 51);\">কক্সবাজারের পরিবেশবাদি সংগঠন ইয়ুথ এনভায়রনমেন্ট সোসাইটি (ইয়েস) এর প্রধান নির্বাহী ইব্রাহিম খলিল মামুন বলেন, আদালত বলেছে উচ্ছেদ করতে আর প্রশাসন অনুমোদন দিয়ে নতুন দোকান বসানো যেন আজব এক কাণ্ড। উল্টো রথে চলছে কক্সবাজার । যাদের আইন প্রয়োগ করার কথা। তারাই ইসিএ আইন অমান্য করে ভাড়ায় দিচ্ছে বালিয়াড়ি।</span></p><p><br></p><p><span style=\"color: rgb(51, 51, 51);\">ট্যুর অপারেটর এসোশিয়েশন অব কক্সবাজার (টুয়াক) আহবায়ক মিজানুর রহমান মিল্কী বলেন, \'কক্সবাজার সৈকতের বালিয়াড়ি দখল করে বিভিন্ন ধরনের দোকান বসানোর ফলে সৈকতের প্রাকৃতিক সৌন্দর্য মারাত্মকভাবে ক্ষতিগ্রস্ত হচ্ছে। একই সঙ্গে পর্যটকরা সমুদ্র উপভোগে নানা প্রতিবন্ধকতার সম্মুখীন হচ্ছেন। সরকার এ এলাকাকে ইসিএ এলাকা ঘোষণা করেছে এবং হাইকোর্ট থেকেও বালিয়াড়ি দখল করে গড়ে ওঠা অবৈধ স্থাপনা উচ্ছেদের সুস্পষ্ট নির্দেশনা রয়েছে। কিন্তু দুঃখজনকভাবে প্রশাসন উচ্ছেদ কার্যক্রম পরিচালনার বদলে আরও দোকান বসানোর অনুমতিপত্র দিচ্ছে, যা হাইকোর্টের নির্দেশনা অমান্য করার পাশাপাশি পরিবেশ ও পর্যটনের ক্ষতি সাধন করছে।</span></p><p><br></p><p><span style=\"color: rgb(51, 51, 51);\">তিনি বলেন, বিশ্বের কোনো দেশের সৈকতে বালিয়াড়ির ওপর বস্তির মতো দোকান বসানোর নজির নেই। তাই আমরা চাই, পর্যটকরা যেন নির্বিঘ্নে সমুদ্র উপভোগ করতে পারেন এবং ইসিএ ঘোষিত এলাকায় আইন অমান্য করে গড়ে ওঠা সব সরকারি-বেসরকারি স্থাপনা দ্রুত উচ্ছেদ করা হয়। কক্সবাজারের সমুদ্র সৈকতকে তার আগের প্রাকৃতিক রূপে ফিরিয়ে আনাই এখন সময়ের দাবী।</span></p><p><br></p><p><span style=\"color: rgb(51, 51, 51);\">কক্সবাজার জেলা প্রশাসনের পর্যটন শাখার নির্বাহী ম্যাজিস্ট্রেট মো. আজিম খান বলেন, মন্ত্রণালয়ের নির্দেশনা মেনেই সব করা হয়েছে। যদি আমরা অনুমতি না দিতাম তবুও সেখানে লোকজন বসত। দখল হত। নতুন করে যে দোকান বরাদ্দ দেওয়া হয়েছে তা নয়। ২০০২ সাল থেকে এটি চলমান রয়েছে।</span></p><p><br></p><p><span style=\"color: rgb(51, 51, 51);\">পুরাতন দোকানের পাশাপাশি এত নতুন দোকান অনুমতি দেওয়ার বিষয়ে তিনি বলেন, পুরাতন সবার কার্ড নবায়ন করা হয়নি। কাজেই হিসেব করলে দোকানের তেমন তারতম্য হবে না, তবে আগের তুলনায় কিছুটা বাড়বে।</span></p><p><br></p><p><span style=\"color: rgb(51, 51, 51);\">সৈকতের বালিয়াড়িতে দোকানপাট বসানোর সুযোগ নেই জানিয়ে বীচ ম্যানেজমেন্ট কমিটির সদস্য সচিব রায়হান উদ্দিন বলেন, বালিয়াড়ি থেকে সমস্ত স্থাপনায় সরিয়ে নেওয়া হবে এটা নিশ্চিত থাকেন। তাদেরকে কার্ড বরাদ্দ দেওয়ার পর জায়গা দেখিয়ে দেওয়ার আগেই তারা নিজেদের মর্জি মাফিক বালিয়াড়িতে বসে গেছে।</span></p><p><span style=\"color: rgb(51, 51, 51);\">ট্যুরিষ্ট পুলিশের কক্সবাজারের ডিআইজি আপেল মাহমুদ বলেন, জেলা প্রশাসন কার্ড দিয়েছে লাবনী, সুগন্ধা, কলাতলী বীচ লিখে। যেটা কোন অবস্থাতেই তারা পারেনা। আর তাদের সেই অনুমোদন পরিবেশ মন্ত্রনালয় প্রজ্ঞাপন দিয়ে বাতিল করেছে।</span></p><p><br></p><p><span style=\"color: rgb(51, 51, 51);\">তিনি বলেন, সৈকতের সৌন্দর্য রক্ষার্থে ও পরিবেশের ভারসম্যের স্বার্থে বালিয়াড়িতে কোন ধরনের স্থাপনা থাকবে না। জেলা প্রশাসন যদি কোন ব্যবস্থা না নেয় তবে পুলিশ উচ্ছেদ অভিযান চালিয়ে বালিয়াড়িকে আগের অবস্থায় ফিরিয়ে এনে পর্যটক বান্ধব পরিবেশ তৈরি করবে।</span></p><p><br></p><p><br></p><p><br></p><p><br></p><p><br></p><p><br></p><p><br></p><p><br></p><p><br></p><p><br></p><p><br></p></div><div class=\"ql-tooltip ql-hidden\" style=\"margin-top: 0px;\"><a class=\"ql-preview\" rel=\"noopener noreferrer\" target=\"_blank\" href=\"about:blank\"></a>< type=\"text\" data-formula=\"e=mc^2\" data-link=\"https://quilljs.com\" data-video=\"Embed URL\"><a class=\"ql-action\"></a><a class=\"ql-remove\"></a></div>', NULL, NULL, 1, NULL, NULL, 'উচ্চ আদালত ২০১১ সালে সৈকতের বালিয়াড়িতে সকল স্থাপনা উচ্ছেদের নির্দেশ দেয়', 'বালিয়াড়ি | স্থাপনা নির্মাণ ও উন্নয়ন', NULL, 'সৈকতের জোয়ার-ভাটার অঞ্চল থেকে ৩০০ মিটার পর্যন্ত যেকোনো স্থাপনা নির্মাণ ও উন্নয়ন নিষিদ্ধ', NULL, NULL, NULL, NULL, 3, '2025-10-05 15:10:43', '2025-10-08 02:09:39');
INSERT INTO `contents` (`id`, `content_type`, `user_id`, `name`, `subtitle`, `slug`, `details`, `summary`, `note`, `seq`, `barcode`, `youtubevideo`, `meta_heading`, `meta_title`, `meta_keywords`, `meta_description`, `meta_canonical`, `meta_robots`, `meta_image`, `view`, `status`, `created_at`, `updated_at`) VALUES
(63, 'news', 5, 'রাতে খাওয়া বন্ধ করলে কি ওজন কমে? যা বলছেন পুষ্টিবিদ', NULL, 'does-stopping-eating-at-night-make-you-lose-weight-what-nutritionists-say', '<div class=\"ql-editor\"><p class=\"ql-align-justify\"><span style=\"color: rgb(0, 0, 0); background-color: rgb(255, 255, 255);\">স্বাস্থ্য সচেতনতা এখন সময়ের বড় ট্রেন্ড। শহরের অফিসকর্মী থেকে শুরু করে বিশ্ববিদ্যালয়ের শিক্ষার্থী—সবাই এখন ফিট থাকতে চান। কেউ জিমে যাচ্ছেন নিয়মিত, কেউ আবার ডায়েট প্ল্যানে মনোযোগী। তবে সাম্প্রতিক সময়ে অনেকেই ‘রাতে খাবার না খাওয়াই ওজন কমানোর শর্টকাট উপায়’ বলে ধরে নিচ্ছেন। কেউ কেউ আবার পুরোপুরি রাতের খাবার বন্ধও করে দিচ্ছেন। কিন্তু এটা কি সত্যিই কার্যকর? না কি উল্টো শরীরের ক্ষতি হচ্ছে অজান্তেই?</span></p><p class=\"ql-align-justify\"><span style=\"color: rgb(0, 0, 0); background-color: rgb(255, 255, 255);\">এই প্রশ্নের উত্তর দিয়েছেন রাজধানীর লাইফ কেয়ার মেডিকেল সেন্টার অ্যান্ড বিডিএন পল্লবী ডায়াবেটিস সেন্টারের পুষ্টিবিদ ইসরাত জাহান ডরিন। তার মতে, দীর্ঘ সময় না খেয়ে থাকা শরীরের বিপাক প্রক্রিয়া ধীর করে দেয়, ফলে ওজন কমার বদলে চর্বি জমে যেতে পারে।</span></p><p class=\"ql-align-justify\"><strong style=\"color: rgb(0, 0, 0); background-color: rgb(255, 255, 255);\">দীর্ঘ সময় না খেলে কী হয়?</strong></p><p class=\"ql-align-justify\"><span style=\"color: rgb(0, 0, 0); background-color: rgb(255, 255, 255);\">পুষ্টিবিদ ডরিন বলেন, রাতে খাবার না খাওয়ার মানে দাঁড়ায়, সন্ধ্যার নাশতা থেকে পরদিন সকালের নাশতা পর্যন্ত প্রায় ১২ থেকে ১৪ ঘণ্টা না খেয়ে থাকা। এতে শরীরে শক্তির ঘাটতি দেখা দেয়, সকালে ক্লান্তি আসে, মাথাব্যথা বা মনোযোগের অভাব হয়। অনেক সময় কাজের উৎসাহও কমে যায়। শুধু তাই নয়, দীর্ঘ সময় পেটে কিছু না থাকলে গ্যাস ও অ্যাসিডিটির ঝুঁকি বেড়ে যায়, এমনকি আলসারের সম্ভাবনাও তৈরি হয়।</span></p><p class=\"ql-align-justify\"><strong style=\"color: rgb(0, 0, 0); background-color: rgb(255, 255, 255);\">তাহলে রাতে কী খাওয়া উচিত?</strong></p><p class=\"ql-align-justify\"><span style=\"color: rgb(0, 0, 0); background-color: rgb(255, 255, 255);\">পুষ্টিবিদ ডরিন জানান, শরীর একটা ইঞ্জিনের মতো, জ্বালানি ছাড়া চলে না। তার পরামর্শ, রাতে অতিরিক্ত না খেয়ে হালকা ও পুষ্টিকর খাবার খাওয়া জরুরি।</span></p><p class=\"ql-align-justify\"><span style=\"color: rgb(0, 0, 0); background-color: rgb(255, 255, 255);\">তিনি বলেন, ‘রাতের খাবারে ১-২টি রুটি, সঙ্গে সবজি ও সালাদ রাখা যেতে পারে। পাশাপাশি ডিম, মাছ বা চিকেন ভালো অপশন। আবার চাইলে ফলের সালাদ ও সিদ্ধ ডিমও খাওয়া যেতে পারে। তবে ভাজাভুজি বা বেশি মশলাযুক্ত খাবার একদম নয়। এ ছাড়া তিনি মনে করিয়ে দেন, রাত ৯টার পর খাবার না খাওয়াই ভালো।</span></p><p class=\"ql-align-justify\"><strong style=\"color: rgb(0, 0, 0); background-color: rgb(255, 255, 255);\">ওজন কমানোর সঠিক পথ</strong></p><p class=\"ql-align-justify\"><span style=\"color: rgb(0, 0, 0); background-color: rgb(255, 255, 255);\">ওজন কমাতে রাতের খাবার বাদ দেওয়া কোনো সমাধান নয় বলে মন্তব্য করেন পুষ্টিবিদ ইসরাত জাহান ডরিন। তার মতে,ওজন নিয়ন্ত্রণে আনতে হলে সারাদিনে কী খাচ্ছেন, কতবার খাচ্ছেন এবং কতটা শারীরিক পরিশ্রম করছেন—এসব বিষয়ই মূল। তার পরামর্শ, নিয়মিত হাঁটা, ব্যায়াম, পর্যাপ্ত ঘুম ও পুষ্টিকর খাবার—এই চারটি অভ্যাসই স্বাস্থ্য ভালো রাখে।</span></p><p class=\"ql-align-justify\"><strong style=\"color: rgb(0, 0, 0); background-color: rgb(255, 255, 255);\">বিশেষ পরামর্শ</strong></p><p class=\"ql-align-justify\"><span style=\"color: rgb(0, 0, 0); background-color: rgb(255, 255, 255);\">সুস্থ থাকতে চাইলে একজন পুষ্টিবিদের পরামর্শে নিজের উপযোগী ডায়েট প্ল্যান তৈরি করা জরুরি। রাতের খাবার পুরোপুরি বাদ না দিয়ে হালকা, সহজপাচ্য খাবার খেতে হবে। সময়মতো খাওয়া, পরিমিত পরিমাণে খাওয়া, প্রোটিনসমৃদ্ধ খাবার রাখা—এই অভ্যাসগুলো ওজন নিয়ন্ত্রণে রাখে।</span></p><p><br></p><p><br></p></div><div class=\"ql-tooltip ql-hidden\"><a class=\"ql-preview\" rel=\"noopener noreferrer\" target=\"_blank\" href=\"about:blank\"></a>< type=\"text\" data-formula=\"e=mc^2\" data-link=\"https://quilljs.com\" data-video=\"Embed URL\"><a class=\"ql-action\"></a><a class=\"ql-remove\"></a></div>', NULL, NULL, 1, NULL, NULL, NULL, NULL, NULL, NULL, NULL, NULL, NULL, 24, 1, '2025-10-06 02:38:29', '2025-11-24 18:47:11'),
(64, 'news', 5, 'টুথব্রাশ কতদিন পর বদলাবেন?', NULL, 'how-often-should-you-change-your-toothbrush', '<div class=\"ql-editor\"><p class=\"ql-align-justify\"><span style=\"background-color: rgb(255, 255, 255); color: rgb(0, 0, 0);\">অনেকেই একটা টুথব্রাশ কিনে মাসের পর মাস, এমনকি বছরের পর বছর ব্যবহার করে থাকেন। যতক্ষণ না ব্রাশটা একেবারে জীর্ণ হয়ে যায়, ততক্ষণ পরিবর্তনের প্রয়োজন মনে করেন না। কিন্তু চিকিৎসকদের মতে, এটা দাঁতের জন্য বড় ধরনের ক্ষতির কারণ হতে পারে।</span></p><h2><strong style=\"background-color: rgb(255, 255, 255); color: rgb(33, 37, 41);\">কবে টুথব্রাশ বদলাবেন?</strong></h2><p class=\"ql-align-justify\"><span style=\"background-color: rgb(255, 255, 255); color: rgb(0, 0, 0);\">দন্ত চিকিৎসকরা বলছেন, সাধারণত প্রতি ৩ থেকে ৪ মাস পর টুথব্রাশ বদলে ফেলা উচিত। কারণ এই সময়ের মধ্যে:</span></p><p class=\"ql-align-justify\"><span style=\"background-color: rgb(255, 255, 255); color: rgb(0, 0, 0);\">- ব্রাশের ব্রিস্টলে ব্যাকটেরিয়া জন্মায়</span></p><p class=\"ql-align-justify\"><span style=\"background-color: rgb(255, 255, 255); color: rgb(0, 0, 0);\">- ব্রিস্টল দুর্বল হয়ে যায়, যাকে বলা হয় Bristle Flaring</span></p><p class=\"ql-align-justify\"><span style=\"background-color: rgb(255, 255, 255); color: rgb(0, 0, 0);\">- দাঁত ঠিকমতো পরিষ্কার হয় না</span></p><p class=\"ql-align-justify\"><span style=\"background-color: rgb(255, 255, 255); color: rgb(0, 0, 0);\">- সংক্রমণের ঝুঁকি বাড়ে</span></p><h2><strong style=\"background-color: rgb(255, 255, 255); color: rgb(33, 37, 41);\">পুরোনো টুথব্রাশের ক্ষতি কী?</strong></h2><p class=\"ql-align-justify\"><span style=\"background-color: rgb(255, 255, 255); color: rgb(0, 0, 0);\">- ব্যাকটেরিয়া জমে গিয়ে দাঁতের রোগ বাড়ায়</span></p><p class=\"ql-align-justify\"><span style=\"background-color: rgb(255, 255, 255); color: rgb(0, 0, 0);\">- ব্রাশের ক্ষয়ে দাঁতের এনামেল ক্ষতিগ্রস্ত হয়</span></p><p class=\"ql-align-justify\"><span style=\"background-color: rgb(255, 255, 255); color: rgb(0, 0, 0);\">- মাড়ির ইনফেকশন, মুখে দুর্গন্ধ, এমনকি ভাইরাস সংক্রমণের আশঙ্কাও থাকে</span></p><p class=\"ql-align-justify\"><span style=\"background-color: rgb(255, 255, 255); color: rgb(0, 0, 0);\">- দাঁতের ঠিকঠাক পরিষ্কার না হওয়ায় ক্যাভিটি ও প্লাক তৈরি হয়</span></p><p class=\"ql-align-justify\"><span style=\"background-color: rgb(255, 255, 255); color: rgb(0, 0, 0);\">২০১৩ সালের এক গবেষণায় দেখা গেছে, কেউ যদি ৪০ দিনের বেশি একটি টুথব্রাশ ব্যবহার করেন, তবে তার ব্রিস্টলগুলোর আকৃতি বদলে গিয়ে পরিষ্কারের কার্যকারিতা কমে যায়। এতে দাঁতে সমস্যা দেখা দিতে পারে।</span></p><h2><strong style=\"background-color: rgb(255, 255, 255); color: rgb(33, 37, 41);\">কখন সঙ্গে সঙ্গেই টুথব্রাশ বদলাবেন?</strong></h2><p class=\"ql-align-justify\"><span style=\"background-color: rgb(255, 255, 255); color: rgb(0, 0, 0);\">- ব্রিস্টলগুলো ছড়িয়ে গেছে বা বাঁকা হয়ে গেছে</span></p><p class=\"ql-align-justify\"><span style=\"background-color: rgb(255, 255, 255); color: rgb(0, 0, 0);\">- আপনি অসুস্থ ছিলেন—ঠান্ডা, ভাইরাস, ইনফেকশন হলে</span></p><p class=\"ql-align-justify\"><span style=\"background-color: rgb(255, 255, 255); color: rgb(0, 0, 0);\">- ব্রাশের গন্ধ বা রং বদলে গেছে</span></p><p class=\"ql-align-justify\"><span style=\"background-color: rgb(255, 255, 255); color: rgb(0, 0, 0);\">- ব্রাশের মাথা (হেড) নরম বা খসখসে লাগছে</span></p><p class=\"ql-align-justify\"><span style=\"background-color: rgb(255, 255, 255); color: rgb(0, 0, 0);\">- ইলেকট্রিক টুথব্রাশ হলে প্রতি ৩ মাসে হেড পরিবর্তন</span></p><p class=\"ql-align-justify\"><span style=\"background-color: rgb(255, 255, 255); color: rgb(0, 0, 0);\">মনে রাখবেন, একটা ছোট টুথব্রাশ নিয়মিত বদলে ফেলা দাঁতের অনেক বড় সমস্যা থেকে আপনাকে বাঁচাতে পারে। তাই নিয়মিত পরিবর্তনের অভ্যাস গড়ে তুলুন।</span></p><p class=\"ql-align-justify\"><span style=\"background-color: rgb(255, 255, 255); color: rgb(0, 0, 0);\">চাইলে ফোনে বা ক্যালেন্ডারে প্রতি ৩ মাস পরপর একটি রিমাইন্ডার দিয়ে রাখতে পারেন টুথব্রাশ বদলানোর জন্য। দাঁতের যত্ন শুধু ব্রাশ করলেই হয় না, ব্রাশটি সঠিক অবস্থায় আছে কি না তা দেখা আরও জরুরি। তাই দাঁতের সুস্বাস্থ্যের জন্য টুথব্রাশ বদলান নিয়মমাফিক!</span></p><p class=\"ql-align-justify\"><span style=\"background-color: rgb(255, 255, 255); color: rgb(0, 0, 0);\">সূত্র : ক্লিভল্যান্ড ক্লিনিক</span></p><p><br></p></div><div class=\"ql-tooltip ql-hidden\" style=\"margin-top: 0px;\"><a class=\"ql-preview\" rel=\"noopener noreferrer\" target=\"_blank\" href=\"about:blank\"></a>< type=\"text\" data-formula=\"e=mc^2\" data-link=\"https://quilljs.com\" data-video=\"Embed URL\"><a class=\"ql-action\"></a><a class=\"ql-remove\"></a></div>', NULL, NULL, NULL, NULL, NULL, NULL, NULL, NULL, NULL, NULL, NULL, NULL, 4, 4, '2025-10-06 02:40:36', '2025-11-20 11:33:35'),
(71, 'news', 5, 'তত্ত্বাবধায়ক সরকার পুনর্বহাল, কার্যকর ভবিষ্যতে', NULL, 'caretaker-government-reinstated-effective-in-the-future', '<div class=\"ql-editor\"><p class=\"ql-align-justify\"><span style=\"background-color: rgb(239, 236, 236); color: rgb(51, 51, 51);\">বৃহস্পতিবার (২০ নভেম্বর) সকালে প্রধান বিচারপতি ড. সৈয়দ রেফাত আহমেদের নেতৃত্বাধীন সাত বিচারপতির বেঞ্চ এ রায় ঘোষণা করেন।</span></p><p class=\"ql-align-justify\"><span style=\"background-color: rgb(239, 236, 236); color: rgb(51, 51, 51);\">আপিল বিভাগ বলছেন, বর্তমান অন্তর্বর্তী সরকারের অধীনে ত্রয়োদশ জাতীয় সংসদ নির্বাচন অনুষ্ঠিত হবে। আর চতুর্দশ সংসদ নির্বাচন থেকে কার্যকর হবে তত্ত্বাবধায়ক সরকার ব্যবস্থা।</span></p><p class=\"ql-align-justify\"><span style=\"background-color: rgb(239, 236, 236); color: rgb(51, 51, 51);\">বেঞ্চের অপর ৬ বিচারপতি হলেন— বিচারপতি মো. আশফাকুল ইসলাম, বিচারপতি জুবায়ের রহমান চৌধুরী, বিচারপতি মো. রেজাউল হক, বিচারপতি এস এম ইমদাদুল হক, বিচারপতি এ কে এম আসাদুজ্জামান ও বিচারপতি ফারাহ মাহবুব।</span></p><p class=\"ql-align-justify\"><span style=\"background-color: rgb(239, 236, 236); color: rgb(51, 51, 51);\"> </span></p><p class=\"ql-align-justify\"><span style=\"background-color: rgb(239, 236, 236); color: rgb(51, 51, 51);\">রায় ঘোষণার সময় আইনজীবী ও গণমাধ্যমকর্মীদের উপস্থিতিতে আপিল বিভাগের এজলাস কক্ষ কানায় কানায় পূর্ণ ছিল।</span></p><p class=\"ql-align-justify\"><span style=\"background-color: rgb(239, 236, 236); color: rgb(51, 51, 51);\"> </span></p><p class=\"ql-align-justify\"><span style=\"background-color: rgb(239, 236, 236); color: rgb(51, 51, 51);\">গত ১১ নভেম্বর এ বিষয়ে শুনানি শেষে ২০ নভেম্বর রায়ের দিন ধার্য করেন সর্বোচ্চ আদালত। শুনানিতে বিএনপি, জামায়াত ও আপিলকারীদের আইনজীবীরা বলেন, তত্ত্বাবধায়ক সরকার ব্যবস্থা ফিরলেও আগামী নির্বাচন হবে অন্তর্বর্তী সরকারের অধীনে। তবে চতুর্দশ সংসদ নির্বাচন হবে তত্ত্বাবধায়ক সরকারের অধীনে। </span></p><p class=\"ql-align-justify\"><span style=\"background-color: rgb(239, 236, 236); color: rgb(51, 51, 51);\"> </span></p><p class=\"ql-align-justify\"><span style=\"background-color: rgb(239, 236, 236); color: rgb(51, 51, 51);\">২০১১ সালের ১০ মে সংখ্যাগরিষ্ঠ মতামতের ভিত্তিতে সংবিধানের ত্রয়োদশ সংশোধনী বাতিল ঘোষণা করে রায় দেন তৎকালীন আপিল বিভাগ। ৫ আগস্ট সরকার পরিবর্তনের পর তত্ত্বাবধায়ক সরকার ব্যবস্থা ফেরাতে নতুন করে আইনি লড়াই শুরু হয়।</span></p><p class=\"ql-align-justify\"><span style=\"background-color: rgb(239, 236, 236); color: rgb(51, 51, 51);\"> </span></p><p class=\"ql-align-justify\"><span style=\"background-color: rgb(239, 236, 236); color: rgb(51, 51, 51);\">চলতি বছরের ২৭ আগস্ট তত্ত্বাবধায়ক সরকারব্যবস্থা বাতিলের রায় পুনর্বিবেচনা চেয়ে করা আবেদন মঞ্জুর করেন সর্বোচ্চ আদালত। দেয়া হয় আপিলের অনুমতি। এরপর ড. বদিউল আলম মজুমদারসহ ৫ জন, বিএনপি মহাসচিব মির্জা ফখরুল ইসলাম আলমগীর, জামায়াতের সেক্রেটারি জেনারেল গোলাম পরওয়ার আপিল করেন।</span></p><p><br></p></div><div class=\"ql-tooltip ql-hidden\" style=\"margin-top: -20px;\"><a class=\"ql-preview\" rel=\"noopener noreferrer\" target=\"_blank\" href=\"about:blank\"></a>< type=\"text\" data-formula=\"e=mc^2\" data-link=\"https://quilljs.com\" data-video=\"Embed URL\"><a class=\"ql-action\"></a><a class=\"ql-remove\"></a></div>', 'সংবিধানের ত্রয়োদশ সংশোধনী বৈধ উল্লেখ করে নির্বাচনকালীন তত্ত্বাবধায়ক সরকার ব্যবস্থা পুনর্বহালের রায় দিয়েছে আপিল বিভাগ।', NULL, 1, NULL, NULL, NULL, NULL, NULL, NULL, NULL, NULL, NULL, NULL, 1, '2025-11-20 21:11:46', '2025-11-20 21:11:46'),
(72, 'news', 5, 'মহেশখালীতে বিনামূল্যে কোস্টগার্ডের চিকিৎসা-ওষুধ বিতরণ', NULL, 'coast-guard-distributes-free-medical-supplies-in-maheshkhali', '<div class=\"ql-editor\"><p>বৃহস্পতিবার (২০ নভেম্বর ) বিকেলে কোস্টগার্ড মিডিয়া কর্মকর্তা লেফটেন্যান্ট কমান্ডার সিয়াম-উল-হক এ তথ্য জানান।</p><p>তিনি বলেন, প্রতিষ্ঠালগ্ন থেকে কোস্টগার্ড উপকূলীয় এবং নদী তীরবর্তী অঞ্চলের সুবিধাবঞ্চিত মানুষের বিভিন্ন প্রয়োজনে এগিয়ে এসেছে। দুঃস্থ ও নিম্ন আয়ের মানুষদের বিভিন্ন সময় মেডিক্যাল ক্যাম্পেইনের মাধ্যমে বিনামূল্যে চিকিৎসা সেবা প্রদান করে আসছে কোস্ট গার্ড।</p><p>এরই ধারাবাহিকতায় বৃহস্পতিবার বেলা ১২টা হতে বিকাল ৪টা পর্যন্ত মহেশখালীর সিকদার পাড়া সরকারি প্রাথমিক বিদ্যালয়ে মেডিক্যাল ক্যাম্পেইন পরিচালনা করে কোস্টগার্ড। মেডিক্যাল ক্যাম্পেইনে ৫৭৫ জন অসহায়, গরীব, দুঃস্থ ও শিশুদের বিনামূল্যে চিকিৎসা সেবা এবং ওষুধ সামগ্রী প্রদান করা হয়।</p><p><br></p><p>তিনি আরও বলেন, কোস্টগার্ড ভবিষ্যতেও এ ধরনের জনসেবামূলক কার্যক্রম অব্যাহত রাখবে।</p></div><div class=\"ql-tooltip ql-hidden\"><a class=\"ql-preview\" rel=\"noopener noreferrer\" target=\"_blank\" href=\"about:blank\"></a>< type=\"text\" data-formula=\"e=mc^2\" data-link=\"https://quilljs.com\" data-video=\"Embed URL\"><a class=\"ql-action\"></a><a class=\"ql-remove\"></a></div>', 'কক্সবাজারের মহেশখালীতে বিনামূল্যে চিকিৎসা সেবা ও ঔষধ সামগ্রী বিতরণ করেছে কোস্টগার্ড।', NULL, 1, NULL, NULL, NULL, NULL, NULL, NULL, NULL, NULL, NULL, NULL, 1, '2025-11-20 21:18:48', '2025-11-20 21:18:48'),
(73, 'news', 5, '৩ ট্রলারসহ ১৬ জেলেকে ধরে নিয়ে গেছে আরাকান আর্মি', NULL, 'arakan-army-captures-16-fishermen-along-with-3-trawlers', '<div class=\"ql-editor\"><p>টেকনাফ পৌরসভার কায়ুকখালী বোট মালিক সমিতির সভাপতি সাজেদ আহমেদ বিষয়টি নিশ্চিত করেছেন।</p><p>তিনি জানান, সেন্টমার্টিনের দক্ষিণে বঙ্গোপসাগরে মাছ ধরার সময় আরাকান আর্মি টেকনাফ পৌরসভার জাকির, নুর মোহাম্মদ মালিকানাধীন তিনটি ট্রলারসহ ১৬ জন জেলেকে আটক করে নিয়ে যায় আরাকান আর্মি।</p><p>মিয়ানমার ভিত্তিক সংবাদমাধ্যম গ্লোবাল আরাকান নেটওয়ার্ক জানিয়েছে, বাংলাদেশি মাছ ধরার নৌকার অবৈধ অনুপ্রবেশ রোধে আরাকান কোস্টাল সিকিউরিটি পেট্রোল নিয়মিত টহল পরিচালনা করছে।</p><p><br></p><p>১৮ নভেম্বর সকাল ৭টা ১৫ মিনিটে মংডু টাউনশিপের থাওয়াইং চাউং গ্রামের পশ্চিম উপকূল থেকে প্রায় ২.৭ কিলোমিটার দূরে অভিযান চালিয়ে একটি ট্রলারসহ ৬ বাংলাদেশি জেলেকে আটক করে নিরাপত্তা বাহিনী। ট্রলার থেকে জাল, বিভিন্ন প্রজাতির মাছ ও বাংলাদেশি মুদ্রা জব্দ করা হয়।</p><p>অন্যদিকে, একই দিনে রাথেডং টাউনশিপ উপকূল থেকে প্রায় ৩.৫৮ কিলোমিটার দূরে আরেকটি অভিযান চালিয়ে আরও দুটি ট্রলারসহ ১০ জেলেকে আটক করা হয়। এসব ট্রলারে থাকা জাল, মাছ ও অন্যান্য মালামালও জব্দ করা হয়।</p><p><br></p><p>মোট তিনটি ট্রলার ও ১৬ জন জেলেকে আটক করে জব্দকৃত মালামালসহ তাঁদের সংশ্লিষ্ট কর্তৃপক্ষের কাছে হস্তান্তর করা হয়েছে। আরাকান অঞ্চলের আইন অনুযায়ী তাঁদের বিরুদ্ধে পরবর্তী ব্যবস্থা গ্রহণ করা হচ্ছে।</p><p>সর্বশেষ ১২ নভেম্বর বঙ্গোপসাগরের অদূরে মাছ শিকারে সময় মিয়ানমার জলসীমানা অতিক্রম করায় দুটি ট্রলারসহ ১৩ জন রোহিঙ্গা জেলেকে আটক করেছে মিয়ানমার আরাকান আর্মি।</p><p><br></p><p>ট্রলারমালিক ও বিজিবির দেওয়া তথ্য মতে, গত ১১ মাসে (গত বছর ডিসেম্বর থেকে) আরাকান আর্মি নাফ নদী ও বঙ্গোপসাগর থেকে ৩২৮ জন জেলেকে অপহরণ করেছে। বিজিবির প্রচেষ্টায় কয়েক দফায় ১৮৯ জন জেলেসহ ২৭টি ট্রলার ফেরত আনা সম্ভব হলেও আরও ২৮ টি ট্রলার ও ১৬৮ জন জেলে রাখাইন রাজ্যের কারাগারে আটক রয়েছেন।</p><p><br></p></div><div class=\"ql-tooltip ql-hidden\"><a class=\"ql-preview\" rel=\"noopener noreferrer\" target=\"_blank\" href=\"about:blank\"></a>< type=\"text\" data-formula=\"e=mc^2\" data-link=\"https://quilljs.com\" data-video=\"Embed URL\"><a class=\"ql-action\"></a><a class=\"ql-remove\"></a></div>', 'মাছ শিকারের সময় কক্সবাজারের টেকনাফে তিনটি ট্রলারসহ ১৬ জন রোহিঙ্গা ও বাংলাদেশি জেলেকে আটক করেছে মিয়ানমারের সশস্ত্র বিদ্রোহী গোষ্ঠী আরাকান আর্মির (এএ) সদস্যরা।', NULL, 5, NULL, NULL, NULL, NULL, NULL, NULL, NULL, NULL, NULL, NULL, 1, '2025-11-20 21:23:42', '2025-11-24 18:08:54'),
(74, 'news', 5, 'চকরিয়ায় মহামারির আকার ধারণ করেছে অনলাইন জুয়া', 'অনলাইন জুয়া', 'online-gambling-has-become-an-epidemic-in-chakaria', '<div class=\"ql-editor\"><p>স্মার্টফোনের ব্যবহার এখন গ্রামাঞ্চলের গভীরেও ছড়িয়ে পড়েছে, বিশেষত কিশোর ও তরুণদের মধ্যে। গ্রামের যে তরুণদের এক সময় খোলা মাঠে ফুটবল, ক্রিকেট খেলতে দেখা যেত, এখন তাদের বিকাল কাটে রাস্তার ধারের টং দোকান, চায়ের স্টলে, মোবাইল স্ক্রিনে চোখ রেখে, অধিকাংশ সময়ই অনলাইন গেম খেলে।</p><p>জুয়ায় আসক্ত উপজেলার চিরিংগা ইউনিয়নের সাদ্দাম হোসেন। দশম শ্রেণির মেধাবী শিক্ষার্থী। স্মার্টফোন ব্যবহারের এক পর্যায়ে অনলাইন জুয়ার ফাঁদে পড়ে, ঝরে পড়ে স্কুল জীবন থেকে। তার মত জুয়ায় আসক্ত হয়ে ঝরে পড়েছে স্কুল, কলেজ পড়ুয়া শিক্ষার্থী। বিপদগামী হয়ে পড়ছে উঠতি বয়সী শত তরুণ, যুবক। আর পরিবার গুলো অর্থনৈতিকভাবে অনলাইন জুয়ার কারণে দিনদিন নি:স্ব হওয়ার ঘটনা ঘটছে।</p><p><br></p><p>নাম প্রকাশে অনিচ্ছুক, এক অভিভাবক জানান, ছেলের অত্যাচারে অতিষ্ঠ হয়ে গেছি। ছেলে বিভিন্ন সময় বাহানা দিয়ে টাকা আদায় করে। প্রথমে বুঝতে পারিনি ছেলে অনলাইন জুয়া খেলায় আসক্ত। বিভিন্ন জনের কাছে ছেলে টাকা কর্জ নিয়ে জুয়ায় হেরে লাপাত্তা। এই পর্যন্ত আমার সহায় স্বম্বল বিক্রি করে দশ লাখ টাকার মত শোধ করেছি। তিনি আরও বলেন, ছিকলঘাট বাজারের একজন এজেন্ট অনলাইন জুয়ায় আমার ছেলের ভবিষ্যৎ বিনষ্ট করেছে। চকরিয়ার প্রত্যন্ত অঞ্চলে এগুলো বাস্তবায়ন করছেন দুষ্কৃতকারী এজেন্টরা।</p><p><br></p><p>গ্রামের তরুণদের অধিকাংশই বলেছেন, সামাজিক যোগাযোগ মাধ্যম অথবা পর্নোগ্রাফি সাইটে দেখানো বিভিন্ন অনলাইন বিজ্ঞাপন থেকে তারা এসব জুয়ার সাইটের সন্ধান পেয়েছেন।</p><p>বদরখালী ইউনিয়নের ফুলতলা এলাকার ছৈয়দ নুর বলেন, কিস্তির জন্যে জমানো টাকা ছেলে চুরি করে জুয়ায় হেরে ঘরে আসে না পাঁচদিন। সাইবার সুরক্ষা অধ্যাদেশ ২০২৫-এর ২০ ধারা অনুযায়ী জুয়ায় অংশ নেওয়া অথবা প্রচারণা করা ফৌজদারী অপরাধ।</p><p>এই প্রসঙ্গে জানতে চাইলে চকরিয়া আবাসিক মহিলা কলেজ এর অধ্যক্ষ (ভারপ্রাপ্ত) জুবাইদুল হক বলেন, অনলাইন জুয়া এখন মহামারী আকারে জালের মত সর্বত্র ছড়িয়ে পড়েছে। এ জুয়ার বিরুদ্ধে এখনই সবাই একযোগে সোচ্চার না হলে ইহা প্রতিটি পরিবার, প্রতিটি সমাজ, প্রতিটি এলাকা তথা পুরো দেশ ধ্বংস করে দিতে পারে। তাই আমরা সবাই সচেতন হই, অনলাইন জুয়ার বিরুদ্ধে সামাজিকভাবে সচেতনতা সৃষ্টি করি এবং এ সমস্ত অনলাইন জুয়ার সাইটগুলো বন্ধের জন্য সরকারের প্রতি আবেদন জানাই। অনলাইন জুয়ার বিরুদ্ধে অনলাইনে সবাইকে সচেতন করি এবং প্রতিবাদ জানাই।</p><p><br></p><p>আইনি বাঁধা থাকার পরও অনলাইন বেটিং ও জুয়া গ্রামাঞ্চলে তড়িৎ বেগে ছড়িয়ে পড়ছে।</p><p>এই ডিজিটাল বিপদ দমনে প্রশাসন কী পদক্ষেপ নিচ্ছে জানতে চাইলে চকরিয়া উপজেলা নির্বাহী কর্মকর্তা মো আতিকুর রহমান বলেন, বিগত দুটি আইন-শৃঙ্খলার কমিটির সভায় এ বিষয়েন আলোচনা করা হয়। চকরিয়া থানা ও বিট পুলিশকে কঠোর নির্দেশনা দেওয়া হয়েছে অনলাইন জুয়াড়িদের সনাক্ত এবং এদের আইনের আওতায় আনার জন্য।</p><p>এছাড়া স্কুল প্রধান শিক্ষকদের শিক্ষার্থীদের এ বিষয়ে সচেতন করা এবং এর অপব্যবহার সম্পর্ক সম্যক ধারণা দেওয়া ও মসজিদের ইমামদের খুৎবায় অনলাইন জুয়ার কুফল সম্পর্কে মুসল্লিদের ধর্মীয় দৃষ্টিকোণ থেকে সচেতন করার জন্য জরুরি নির্দেশনা দেওয়া হয়েছে।</p><p><br></p><p><br></p><p><br></p><p><br></p></div><div class=\"ql-tooltip ql-hidden\"><a class=\"ql-preview\" rel=\"noopener noreferrer\" target=\"_blank\" href=\"about:blank\"></a>< type=\"text\" data-formula=\"e=mc^2\" data-link=\"https://quilljs.com\" data-video=\"Embed URL\"><a class=\"ql-action\"></a><a class=\"ql-remove\"></a></div>', 'ওয়ান এক্সবেট, মেলবেট, নগদ এইটিএইট, ক্রিকেক্স,জিতবাজ, বেটউইনার, টুয়েন্টিটুবেট, মোস্টবেট, বেটজিলি-র মতো অনলাইন জুয়ার প্ল্যাটফর্ম গুলো এখন চকরিয়ার গ্রামগঞ্জে মহামারির মতো ছড়িয়ে পড়েছে। ১৮টি ইউনিয়ন ও ১ পৌরসভায় অনলাইন জুয়া ভয়াবহ আকার ধারণ করেছে।', NULL, 2, NULL, NULL, NULL, NULL, NULL, NULL, NULL, NULL, NULL, 7, 1, '2025-11-20 21:31:23', '2025-11-24 18:46:48'),
(75, 'news', 5, 'মৌসুমের শুরুতে দরপতন কাফনের পরে চাষিদের প্রতিবাদ', NULL, 'farmers-protest-after-falling-salt-prices-at-the-beginning-of-the-season', '<div class=\"ql-editor\"><p>সোমবার (২৪ নভেম্বর) দুপুরে দ্বীপ উপজেলা কুতুবদিয়ায় কাফনের কাপড় পড়ে সড়কে লবণ ঢেলে বিক্ষোভ করেন চাষিরা।</p><p><br></p><p>তাদের দাবি, লবণ আমদানির সিদ্ধান্ত বন্ধ এবং ন্যায্যমূল্য নিশ্চিতে ব্যবস্থা না নিলে আন্দোলন অব্যাহত থাকবে।</p><p><br></p><p>কক্সবাজারের দ্বীপ উপজেলা কুতুবদিয়ায় সরেজমিনে দেখা যায় চলতি মৌসুমে লেমশীখালী উপকূলে মণের পর মণ নতুন লবণ উঠছে মাঠে। যা বিক্রির জন্য স্তুপ করে রাখা হয়েছে। কিন্তু মাঠ পর্যায়ে নতুন লবণ উঠতেই ব্যাপক দরপতন শুরু হয়েছে। চাষিদের দাবি, প্রতি মণ লবনে ১০০ টাকা কমে এখন বিক্রি হচ্ছে ১২০ থেকে ১৪০ টাকায়।</p><p><br></p><p>এমন পরিস্থিতিতে মাঠে কাফনের কাপড় পরে দীর্ঘ ২ ঘন্টা লবণ উৎপাদনে বিরত থাকার পাশাপাশি সড়কে মিছিল সহকারে বিক্ষোভ করেন তারা। এক পর্যায়ে সড়কে লবণ ঢেলে শুয়ে পড়ে চাষিরা। তাদের দাবি, লবণ আমদানির সিদ্ধান্তে মিল মালিকদের চক্রান্তে মাঠ পর্যায়ে লবণের ব্যাপক দরপতন হয়েছে।</p><p><br></p><p>কুতুবদিয়ার লেমশীখালী ইউনিয়ন পরিষদের চেয়ারম্যান আক্তার হোসেন জানান, লবণ আমদানি বন্ধ ও মাঠ পর্যায়ে লবণের ন্যায্যমূল্য নিশ্চিত না করলে ধ্বংস হবে দেশের লবণ শিল্প।</p><p><br></p><p>কক্সবাজারে ৬৯ হাজার একর জমিতে লবণ চাষ করেন প্রায় ৪১ হাজার চাষি। কিন্তু চলতি মৌসুমে লবণের ন্যায্যমূল্য নিশ্চিত না হওয়া এখনো মাঠে নামেনি প্রায় ৩০ হাজারের বেশি লবণ চাষি।</p><p><br></p></div><div class=\"ql-tooltip ql-hidden\"><a class=\"ql-preview\" rel=\"noopener noreferrer\" target=\"_blank\" href=\"about:blank\"></a>< type=\"text\" data-formula=\"e=mc^2\" data-link=\"https://quilljs.com\" data-video=\"Embed URL\"><a class=\"ql-action\"></a><a class=\"ql-remove\"></a></div>', 'মৌসুমের শুরুতেই মাঠ পর্যায়ে লবণের মূল্যে ব্যাপক দরপতন হয়েছে। যেখানে গত মাসেও লবনের মূল্য ছিল মণ প্রতি ২৪০ টাকা, সেখানে এখন নতুন লবণ উৎপাদন হতেই মূল্য নেমে এসেছে ১২০ থেকে ১৪০ টাকায়। যা নিয়ে চাষিরা আন্দোলন শুরু করেছে।', NULL, 2, NULL, NULL, NULL, NULL, NULL, NULL, NULL, NULL, NULL, NULL, 1, '2025-11-24 18:20:33', '2025-11-24 18:21:05'),
(76, 'news', 5, 'এবার মালয়েশিয়ার কাছে হারল বাংলাদেশ', NULL, 'this-time-bangladesh-lost-to-malaysia', '<div class=\"ql-editor\"><p>প্রায় ১৩ বছর পর জাতীয় স্টেডিয়ামে ফিরেছিল বাংলাদেশ নারী ফুটবল দল। প্রত্যাবর্তনের সেই দিনটি স্মরণীয় করে রাখার স্বপ্ন ছিল সমর্থকদের—কিন্তু মাঠের গল্প লিখল হতাশা। তিন বছর আগে যাদের ৬-০ গোলে হারিয়েছিল মেয়েরা, সেই মালয়েশিয়ার বিপক্ষেই এবার তিন জাতি সিরিজের প্রথম ম্যাচে ০-১ ব্যবধানে হার নিয়ে মাঠ ছাড়তে হলো পিটার বাটলারের দলকে।</p><p><br></p><p>প্রথমার্ধেই ম্যাচটির নিয়ন্ত্রণ হারায় বাংলাদেশ। হাই লাইন ডিফেন্সে খেলা—যা থাইল্যান্ড সফরেই কোচ বাটলারকে সমালোচনার মুখে ফেলেছিল—সেই একই ছকেই আবার বিপদে পড়ল দল। ২৯ মিনিটে মাঝমাঠ থেকে নুহাদফিনা মোফ ফিরদাউসের বুদ্ধিদীপ্ত চিপে বল পান নুর আইনসিয়া বিনতি মুরাদ। তার গতি সামলাতে ব্যর্থ হন বাংলাদেশের সেন্টারব্যাক কোহাতি কিসকু। পোস্ট ছেড়ে আগানো গোলরক্ষক রুপনাকে কাটিয়ে বক্সের বাইরে থেকে কোনাকুনি শটে জাল খুঁজে নেন মালয়েশিয়ান মিডফিল্ডার।</p><p><br></p><p>এর আগেই গোলের সম্ভাবনা তৈরি করেছিল বাংলাদেশ। সপ্তম মিনিটে সুলতানার দারুণ পাসে শামসুন্নাহার জুনিয়রের ক্রস চেস্টা করেও মাথায় ছুঁইয়ে দিতে পারেননি ঋতুপর্ণা। পরের মিনিটেও ভালো আক্রমণ গড়েছিল স্বাগতিকরা, কিন্তু ফিনিশিং দুর্বলতায় গোলের দেখা মিলেনি।</p><p><br></p><p>বিরতির পর শক্তি বাড়াতে সাগরিকা, তহুরা ও স্বপ্নাকে নামান কোচ। তাতে সামান্য প্রাণ ফিরে আসে আক্রমণে। ৬৮ মিনিটে সুলতানার থ্রু বলে বাম প্রান্ত দিয়ে উঠে ঋতুপর্ণার দারুণ ক্রসে সাগরিকার হেড পোস্ট ঘেঁষে বাইরে চলে যায়—ম্যাচে বাংলাদেশের সবচেয়ে স্পষ্ট সুযোগ এটাই।</p><p><br></p><p>ত্রিদেশীয় সিরিজের জন্য শক্তিশালী দল ঘোষণা বাংলাদেশের</p><p>তবে রক্ষণভাগের দুর্বলতা রপ্ত হয়নি। দ্বিতীয়ার্ধে বারবার হাই লাইনের ফাঁক গলে উঠে আসে মালয়েশিয়া। রুপনা চকমা একাই অন্তত তিনটি নিশ্চিত গোল বাঁচিয়ে রাখেন। ৯০+১ মিনিটে ওয়ান-অন-ওয়ানে নুরফাজিরার শটও ঠেকান তিনি।</p><p><br></p><p>শেষ মুহূর্তে আশা জাগান মারিয়া। মাঝমাঠ থেকে কয়েকজনকে কাটিয়ে বক্সে ঢুকে শট নিলেও মালয়েশিয়া গোলরক্ষক নুরুল আজুরিনের কাছে হার মানেন তিনি। শেষ পর্যন্ত ০-১ ব্যবধানেই থামতে হয় আফঈদাদের।</p><p><br></p><p>পিটার বাটলারের দলের সমস্যা স্পষ্ট—আক্রমণে ধারহীনতা, রক্ষণে অস্থিরতা আর একই ভুলের পুনরাবৃত্তি। তিন জাতি সিরিজের শুরুটা হলো হতাশায়; বাকি ম্যাচগুলোতেই এখন ঘুরে দাঁড়ানোর সুযোগ।</p><p><br></p></div><div class=\"ql-tooltip ql-hidden\"><a class=\"ql-preview\" rel=\"noopener noreferrer\" target=\"_blank\" href=\"about:blank\"></a>< type=\"text\" data-formula=\"e=mc^2\" data-link=\"https://quilljs.com\" data-video=\"Embed URL\"><a class=\"ql-action\"></a><a class=\"ql-remove\"></a></div>', NULL, NULL, 3, NULL, NULL, NULL, NULL, NULL, NULL, NULL, NULL, NULL, NULL, 1, '2025-11-26 15:51:13', '2025-11-26 19:11:26'),
(77, 'news', 5, 'আবারও ইনজুরিতে নেইমার', NULL, 'neymar-injured-again', '<div class=\"ql-editor\"><p>ব্রাজিলের ফুটবল সুপারস্টার নেইমারকে নিয়ে দেশটিতে যেন এক অস্বস্তিকর নীরবতা চলছে। ঠিক সেই মুহূর্তে, যখন নেইমারের ক্যারিয়ারে সবচেয়ে বেশি প্রয়োজন ছিল স্থিরতা, তখনই তার ভবিষ্যৎকে আবারও নাড়িয়ে দিল আরেকটি চোট। বুকে ধাক্কা লাগার মতো সংবাদ: মাইনর চোট নয়, এবার মেনিস্কাস ইনজুরি। আর সে কারণেই ২০২৬ সালের আগে মাঠে ফেরা প্রায় অসম্ভব।</p><p><br></p><p>প্রথমে ধরা হয়েছিল শুধুই সামান্য অস্বস্তি—ধারণা ছিল, এক ম্যাচ বিশ্রাম নিলেই ঠিক হয়ে যাবেন। কিন্তু মেডিক্যাল রিপোর্ট বদলে দিল সম্পূর্ণ চিত্র। সান্তোস নিশ্চিত করেছে, মেনিস্কাস ইনজুরিতে মৌসুমের বাকিটা আর খেলতে পারবেন না তিনি।</p><p><br></p><p>এদিকে ব্রাজিলিয়ান সিরি আও প্রায় শেষ প্রান্তে—৭ ডিসেম্বর লিগ শেষ, আর সান্তোসের সামনে রেলিগেশন থেকে বাঁচার লড়াই। এই পর্যায়ে নেইমারের থাকা আর না-থাকার তফাৎ বিশাল। তবুও তাকে দাঁড়িয়ে থাকতে হবে স্ট্যান্ডে; মাঠে নামার কোনো সুযোগ নেই।</p><p><br></p><p>২০২৫ বছরটা নেইমারের জন্য কেবলই ব্যর্থতার গল্প। চলতি বছরে এটি তার চতুর্থ চোট। কোনো চোট কাটিয়ে ফিরলেই আরেকটির আগমন—এ যেন অন্তহীন এক দুঃস্বপ্ন। ফলে লিগ তো বটেই, ২০২৬ বিশ্বকাপের সম্ভাবনাও এখন শেষ বললেই চলে।</p><p><br></p><p>এদিকে ব্রাজিলের দায়িত্ব নেওয়ার পর কার্লো আনচেলোত্তি একবারও ডাকেননি নেইমারকে। কারণও পরিষ্কার—তিনি চান নিয়মিত খেলছে এমন ফিট ফুটবলার।</p><p><br></p><p>নতুন এই ইনজুরি সেই দরজাটাকে আরও বন্ধ করে দিল।</p><p><br></p><p>প্রশ্নটা এখন স্পষ্ট—ফিটনেসহীন ও ম্যাচ-রিদমহীন নেইমারকে কি আনচেলোত্তি ২০২৬ বিশ্বকাপের স্কোয়াডে রাখবেন?</p></div><div class=\"ql-tooltip ql-hidden\" style=\"margin-top: -20px;\"><a class=\"ql-preview\" rel=\"noopener noreferrer\" target=\"_blank\" href=\"about:blank\"></a>< type=\"text\" data-formula=\"e=mc^2\" data-link=\"https://quilljs.com\" data-video=\"Embed URL\"><a class=\"ql-action\"></a><a class=\"ql-remove\"></a></div>', NULL, NULL, 4, NULL, NULL, NULL, NULL, NULL, NULL, NULL, NULL, NULL, NULL, 1, '2025-11-26 15:52:37', '2025-11-26 15:52:37'),
(78, 'news', 5, 'ব্রাজিল, আর্জেন্টিনা ম্যাচের জন্য বাংলাদেশের শক্তিশালী দল ঘোষণা', NULL, 'bangladesh-announces-strong-squad-for-brazil-argentina-matches', '<div class=\"ql-editor\"><p>ডিসেম্বরে ঢাকায় বসছে লাতিন-বাংলা ফুটবল সুপার কাপ। প্রতিযোগিতায় স্বাগতিক বাংলাদেশ ছাড়াও অংশ নেবেন ব্রাজিল ও আর্জেন্টিনার অনূর্ধ্ব-২০ পর্যায়ের ফুটবলাররা। এ টুর্নামেন্ট সামনে রেখে বাংলাদেশে আসবেন ব্রাজিলের কিংবদন্তি ফুটবলার কাফু। ওই টুর্নামেন্ট সামনে রেখে শক্তিশালী দল ঘোষণা করেছে বাংলাদেশ ফুটবল ফেডারেশন (বাফুফে)।</p><p><br></p><p>তিন দলের সুপার কাপে অংশ নিতে ২ ডিসেম্বর ঢাকায় পা রাখবে আর্জেন্টিনার বুয়েনাস আয়ার্স ভিত্তিক স্থানীয় ক্লাব আতলেতিকো চার্লোনের অনূর্ধ্ব-২০ দল। এর এক দিন পর আসবে ব্রাজিলের সাও বার্নার্দো ক্লাবের অনূর্ধ্ব-২০ দল। বাংলাদেশ দল গঠন করা হয়েছে অনূর্ধ্ব-১৭, ২০ ও ২৩ দলের বাছাইকৃত ফুটবলারদের নিয়ে।</p><p><br></p><p>৫ থেকে ১১ ডিসেম্বর জাতীয় স্টেডিয়ামে হবে প্রতিযোগিতার তিনটি ম্যাচ। প্রথম দিন বাংলাদেশ খেলবে ব্রাজিলের বিপক্ষে। এরপর ৮ ডিসেম্বর প্রতিপক্ষ হবে আর্জেন্টিনা। আর ১১ ডিসেম্বর তৃতীয় ম্যাচে মুখোমুখি হবে ব্রাজিল-আর্জেন্টিনার আমন্ত্রিত দুই ক্লাব। সাধারণ দর্শকরা টিকিট কেটে ম্যাচগুলো উপভোগ করতে পারবেন।</p><p><br></p><p>লাতিন-বাংলা সুপার কাপের জন্য বাংলাদেশ দল: কিউবা মিচেল, জায়ান আহমেদ, ফাহমিদুল ইসলাম, বীতশোক চাকমা, আলিফ রহমান, তাসিন সিহাব, চন্দ্র সাহা, আজম খান, ইকরামুল ইসলাম, ইহসান হাবিব, সাব্বির ইসলাম, নাসরুল্লাহ শেখ, তারেক হোসেন, মো: রাজ, মাসুদ রানা, মো: আরিফ, আকাশ আহাম্মেদ, আশিক, বাইজিত বোস্তামী, নাজমুল হুদা, তাসান খা, মো: মানিক, হেদায়েতুল্লাহ, অপু রহমান, রিফাত কাজী, আরহাম ইসলাম, সাজেদ হাসান, কামাল মৃধা ও মোরশেদ আলী</p><p><br></p></div><div class=\"ql-tooltip ql-hidden\"><a class=\"ql-preview\" rel=\"noopener noreferrer\" target=\"_blank\" href=\"about:blank\"></a>< type=\"text\" data-formula=\"e=mc^2\" data-link=\"https://quilljs.com\" data-video=\"Embed URL\"><a class=\"ql-action\"></a><a class=\"ql-remove\"></a></div>', NULL, NULL, 5, NULL, NULL, NULL, NULL, NULL, NULL, NULL, NULL, NULL, NULL, 1, '2025-11-26 15:53:53', '2025-11-26 19:02:57'),
(79, 'news', 5, 'বার্সাকে উড়িয়ে দিল চেলসি, লেভারকুসেনে ‘স্তব্ধ’ সিটি', NULL, 'chelsea-blow-away-barca-city-staggered-in-leverkusen', '<div class=\"ql-editor\"><p>উয়েফা চ্যাম্পিয়ন্স লিগে বাজে সময় পার করছে বার্সেলোনা। চেলসির মাঠে তাদের কাছে ৩-০ গোলে রীতিতো বিধ্বস্ত হতে হয়েছে স্প্যানিশ ক্লাবটিকে। বার্সাকে হারিয়ে স্ট্যামফোর্ড ব্রিজে চ্যাম্পিয়ন্স লিগে নিজেদের গতি ফিরে পেল চেলসি।</p><p><br></p><p>ম্যাচের তৃতীয় মিনিটেই এনজো ফার্নান্দেজ গোল করেছিলেন, তবে হাতের স্পর্শের কারণে ভিএআরে তা বাতিল হয়ে যায়। হুলেস কুন্দের আত্মঘাতী গোলে প্রথম লিড পায় স্বাগতিকরা।</p><p><br></p><p>দ্বিতীয়ার্ধের ১০ মিনিট পর দুর্দান্ত এক গোলের দেখা পায় চেলসি। এস্তেভাও প্রথমে পাও কুবারসিকে কাটিয়ে ভেতরে ঢোকেন, তারপর আলেহান্দ্রো বালদেকে চোখ ধাঁধানো ড্রিবলে হারিয়ে জোরালো শটে বল পাঠান বার্সার জালে। শেষদিকে বদলি হিসেবে মাঠে নেমে লিয়াম ডেলাপ করেন দলের তৃতীয় গোল।</p><p><br></p><p>এদিকে, ঘরের মাঠে হেরেছে ম্যানচেস্টার সিটি। তাদের ২-০ গোলে স্তব্ধ করেছে জার্মানির বায়ার লেভারকুসেন। ম্যাচের ২৩ মিনিটে প্রথম ও ৫৪ মিনিটে দ্বিতীয় গোল হজম করে। তা আর শোধ করতে পারেনি। অন্য ম্যাচে মার্সেইয়ের বিপক্ষে ২-১ গোলে হেরেছে প্রিমিয়ার লিগের দল নিউক্যাসল ইউনাইটেড।</p></div><div class=\"ql-tooltip ql-hidden\"><a class=\"ql-preview\" rel=\"noopener noreferrer\" target=\"_blank\" href=\"about:blank\"></a>< type=\"text\" data-formula=\"e=mc^2\" data-link=\"https://quilljs.com\" data-video=\"Embed URL\"><a class=\"ql-action\"></a><a class=\"ql-remove\"></a></div>', NULL, NULL, 7, NULL, NULL, NULL, NULL, NULL, NULL, NULL, NULL, NULL, NULL, 1, '2025-11-26 16:04:38', '2025-11-26 16:04:38'),
(80, 'news', 5, 'রোনালদোর প্রতি ‘দয়া’ দেখাল ফিফা, পেলেন সুখবর', 'বর্ষসেরা ফুটবলার', 'fifa-shows-kindness-to-ronaldo-gets-good-news', '<div class=\"ql-editor\"><p>এরই মধ্যে ২০২৬ ফুটবল বিশ্বকাপের টিকিট নিশ্চিত হয়েছে পর্তুগালের। রেকর্ড ষষ্ঠবার বিশ্বমঞ্চে খেলতে যাচ্ছেন ক্রিশ্চিয়ানো রোনালদো। কিন্তু বিশ্বকাপ বাছাইয়ে আয়ারল্যান্ডের বিপক্ষে লাল কার্ড দেখায় বিশ্বকাপে শুরুর দিকে তাকে না পাওয়ার শঙ্কা ছিল। তবে শেষ পর্যন্ত নমনীয় হয়ে রোনালদোকে সুখবর দিয়েছে ফুটবলের নিয়ন্ত্রক সংস্থা ফিফা।</p><p><br></p><p>আয়ারল্যান্ড ম্যাচে দারা ও\'শের পিঠে কনুই মেরে সরাসরি লাল কার্ড দেখেছিলেন রোনালদো। শুরুতে সহিংস আচরণের জন্য তিন ম্যাচ নিষেধাজ্ঞার মুখে পড়তে হয়েছিল তাকে। তবে ফিফা শাস্তি পর্যালোচনা করে তার দ্বিতীয় ও তৃতীয় ম্যাচের নিষেধাজ্ঞা স্থগিত করেছে এক বছরের জন্য। ফলে তিন ম্যাচের বদলে কেবল এক ম্যাচের শাস্তি বহাল থাকে রোনালদোর, যা এরই মধ্যে মিস করেছেন তিনি। ১৬ নভেম্বর আর্মেনিয়ার বিপক্ষে খেলতে পারেননি এ তারকা ফুটবলার।</p><p><br></p><p>জাতীয় দলের জার্সিতে ২২৬ ম্যাচ খেলে কেবল একটি লাল কার্ড দেখেছেন রোনালদো। এ পরিসংখ্যানই প্রমাণ করে, ফুটবল মাঠে কতটা সুশৃঙ্খল থাকেন তিনি। আর এ বিষয়টিকেই গুরুত্ব দিয়ে তার প্রতি ‘দয়া’ দেখিয়েছে ফিফা।</p><p><br></p><p>এক বিবৃতিতে ফিফা জানায়, পরীক্ষাকালীন সময়ে যদি রোনালদো একই ধরনের অপরাধ করে তাহলে স্থগিত হওয়া শাস্তি সঙ্গে সঙ্গে কার্যকর হবে এবং বাকি দুই ম্যাচের নিষেধাজ্ঞাও তাকে ভোগ করতে হবে।</p><p><br></p></div><div class=\"ql-tooltip ql-hidden\"><a class=\"ql-preview\" rel=\"noopener noreferrer\" target=\"_blank\" href=\"about:blank\"></a>< type=\"text\" data-formula=\"e=mc^2\" data-link=\"https://quilljs.com\" data-video=\"Embed URL\"><a class=\"ql-action\"></a><a class=\"ql-remove\"></a></div>', 'আপাতত আগামী বছরের বিশ্বকাপে কোনো ম্যাচে বাইরে থাকতে হচ্ছে না পাঁচবারের বর্ষসেরা ফুটবলার রোনালদোকে।', NULL, 9, NULL, NULL, NULL, NULL, NULL, NULL, NULL, NULL, NULL, NULL, 1, '2025-11-26 16:06:24', '2025-11-26 19:04:49'),
(81, 'news', 5, 'ইসলামেই আসবে সত্যিকারের মুক্তি', NULL, 'true-liberation-will-come-only-in-islam', '<div class=\"ql-editor\"><p>বরিশালে শুরু হয়েছে চরমোনাই ঐতিহ্যবাহী বার্ষিক মাহফিল। বুধবার (২৬ নভেম্বর) বাদ জোহর চরমোনাই পীর ও ইসলামী আন্দোলন বাংলাদেশের আমির মুফতি সৈয়দ মুহাম্মাদ রেজাউল করীমের উদ্বোধনী বয়ানের মধ্য দিয়ে তিন দিনব্যাপী অগ্রহায়ণের এই মাহফিল শুরু হয়েছে।</p><p><br></p><p>ব্যক্তি জীবনের পাশাপাশি রাষ্ট্রীয় জীবনকে ইসলামের আলোকে পরিচালিত করলেই সত্যিকারের মুক্তি আসবে উল্লেখ করে উদ্বোধনী বয়ানে চরমোনাই পীর বলেন, আল্লাহর সৃষ্টি মানুষকে আল্লাহ দুনিয়াতে পাঠিয়েছেন নির্দিষ্ট দায়িত্ব ও কাজ দিয়ে। মানুষ সেই দায়িত্ব পালন করে কি না, তার জন্য দুনিয়া একটি পরীক্ষাকেন্দ্র। এই পরীক্ষায় উত্তীর্ণ হওয়ার মধ্যেই মানুষের সফলতা-ব্যর্থতা নির্ভর করে।</p><p><br></p><p>তিনি বলেন, চরমোনাইর মাহফিলের কোনো দুনিয়াবি উদ্দেশ্য নেই বরং আল্লাহর দেওয়া দায়িত্ব-কর্তব্য সম্পর্কে মানুষকে সতর্ক করে দেওয়ার জন্যই এই তরিকার সব কার্যক্রম। আল্লাহ ভোলা মানুষকে আল্লাহর সঙ্গে সম্পৃক্ত করাই এই মাহফিলের একমাত্র লক্ষ্য।</p><p><br></p><p>সতর্ক করে চরমোনাই পীর বলেন, এখানে দুনিয়াবি কোনো উদ্দেশ্য সাধনের জন্য আসার প্রয়োজন নেই। যদি এমন কেউ এসে থাকেন, তবে নিয়ত পরিবর্তন করে আত্মশুদ্ধির জন্য প্রস্তুতি গ্রহণ করুন। মনে রাখবেন, দুনিয়ার মোহ-ই সব অন্যায়ের কারণ।</p><p><br></p><p>চরমোনাই মাদ্রাসার মূল মাঠসহ পাশের আরেকটি মাঠ নিয়ে অনুষ্ঠিত চরমোনাইর বার্ষিক দুটি মাহফিলের অগ্রহায়ণের মাহফিলের উদ্বোধনী অধিবেশনে চরমোনাই পীর আরও বলেন, যারা চরমোনাইয়ে নতুন এসেছেন, তারা দুনিয়ার ধ্যান-খেয়াল বিদায় করে দিয়ে আখিরাতের খেয়াল-ধ্যান অন্তরে জায়গা দেন। দিল থেকে বড়ত্ব এবং আমিত্ব ভাব বের করে দিয়ে আল্লাহর নির্দেশিত রাস্তায় নিজেকে বিলীন করে দিতে হবে। সদা সর্বদা আল্লাহর জিকিরের মাধ্যমে দিলকে তরতাজা রেখে আল্লাহর ওলি হয়ে চরমোনাই থেকে বিদায় নেওয়ার প্রস্তুতি নিতে হবে।</p><p><br></p><p>উদ্বোধনী বয়ান শেষে মাহফিলের নিয়মকানুন সম্পর্কে বিশদ বর্ণনা করেন চরমোনাই পীর মুফতি সৈয়দ মুহাম্মাদ রেজাউল করীম।</p><p><br></p><p>এর আগে বুধবার সকাল ৮টা থেকে মাহফিলে আগত মুসল্লিদের কয়েক হাজার হালকায় বিভক্ত করে হাতে-কলমে সালাত ও ইসলামের বুনিয়াদি বিষয়ে বাস্তব প্রশিক্ষণ দেওয়া হয়। মাহফিলের তিন দিনই এই কার্যক্রম চলবে।</p><p><br></p><p>মাহফিলে আগত মুসল্লিদের প্রাথমিক চিকিৎসার জন্য ১০০ শয্যাবিশিষ্ট স্থায়ী মাহফিল হাসপাতাল স্থাপন করা হয়েছে। এতে ১৩ জন বিশেষজ্ঞ চিকিৎসকের অধীনে আরও ৪০ জন চিকিৎসকের সমন্বয়ে চিকিৎসাসেবা পরিচালিত হচ্ছে। ১০টি অ্যাম্বুলেন্স ও দুটি নৌ-অ্যাম্বুলেন্স মাহফিল হাসপাতালে কার্যক্রমে নিয়োজিত রয়েছে। মাঠে অসুস্থ হয়ে পড়া রোগীকে তাৎক্ষণিক মাহফিল হাসপাতালে পৌঁছানোর জন্য নিযুক্ত রয়েছে বিশেষ স্বেচ্ছাসেবক বাহিনী।</p><p><br></p><p>দুটি মাঠে মাহফিলের শৃঙ্খলা রক্ষায় নিযুক্ত করা হয়েছে বিশাল স্বেচ্ছাসেবক বাহিনী। নিরাপত্তার দায়িত্বে নিয়োজিত রয়েছে বাংলাদেশ মুজাহিদ কমিটির নিজস্ব নিরাপত্তা বাহিনীর স্পেশাল টিম। হারিয়ে যাওয়া ব্যক্তি বা বস্তু খুঁজে পাওয়ার জন্য প্রতিটি মাঠেই রয়েছে হারানো ক্যাম্প। যে কিছু কুড়িয়ে পেলে এখানে জমা দিয়ে দেন আবার কেউ কিছু হারিয়ে ফেললে এখানে খোঁজ নেন।</p><p><br></p><p>সারা দেশ থেকে আগত মুসল্লিদের খাবারের জন্য সব মাঠের চারদিকে সুপেয় নিরাপদ পানির ব্যবস্থাসহ রয়েছে সহস্রাধিক মানসম্মত টয়লেট, অজু এবং গোসলের ব্যবস্থাপনা।</p><p><br></p><p>তিন দিনব্যাপী বিশাল এ মাহফিলের প্রথম দিন তথা বুধবার বাংলাদেশ কোরআন শিক্ষা বোর্ডের উদ্যোগে প্রতিনিধি সম্মেলন অনুষ্ঠিত হয়। দ্বিতীয় দিন সারা দেশ থেকে আগত ওলামায়ে কিরামদের নিয়ে ওলামা সম্মেলন ও শেষদিন সকালে সারা দেশ থেকে আগত ছাত্র-জনতাকে নিয়ে ছাত্র গণজমায়েত অনুষ্ঠিত হবে।</p><p><br></p><p>এ ছাড়া মাহফিলে আগত যুবক, শ্রমিকদের নিয়ে ইসলামী যুব আন্দোলন বাংলাদেশ এবং ইসলামী শ্রমিক আন্দোলন বাংলাদেশ আয়োজন করে বিশেষ মতবিনিময় সভা। আগামী ২৯ নভেম্বর শনিবার সকাল সাড়ে ৮টায় হজরত পীর সাহেব চরমোনাইর আখেরি বয়ানের মধ্য দিয়ে তিন দিনব্যাপী বিশাল এ মাহফিলের কার্যক্রম সমাপ্ত হবে।</p><p><br></p><p>উল্লেখ্য, চরমোনাই মাদ্রাসা প্রতিষ্ঠিত হয় ১৯২৪ ঈসায়ী সালে। চরমোনাই মাহফিল ও দরবারের প্রতিষ্ঠাতা মাওলানা সৈয়দ এছহাক (রহ.)। তার ইন্তেকালের পর ১৭৭৭ সাল থেকে এ দরবারের জিম্মাদারি পালন করেন মাওলানা সৈয়দ ফজলুল করীম (রহ.)। ২০০৬ সালে তার ইন্তেকালের পর এখন পর্যন্ত আমিরুল মুজাহিদীন হিসেবে দায়িত্ব পালন করছেন আলহাজ হজরত মাওলানা মুফতি সৈয়দ মুহাম্মাদ রেজাউল করীম পীর সাহেব চরমোনাই।</p><p><br></p><p><br></p></div><div class=\"ql-tooltip ql-hidden\"><a class=\"ql-preview\" rel=\"noopener noreferrer\" target=\"_blank\" href=\"about:blank\"></a>< type=\"text\" data-formula=\"e=mc^2\" data-link=\"https://quilljs.com\" data-video=\"Embed URL\"><a class=\"ql-action\"></a><a class=\"ql-remove\"></a></div>', NULL, NULL, 2, NULL, NULL, NULL, NULL, NULL, NULL, NULL, NULL, NULL, NULL, 1, '2025-11-26 16:56:39', '2025-11-26 18:44:06'),
(82, 'news', 5, 'ব্যালটে যেমন দেখা যাবে এনসিপির শাপলা কলি প্রতীক', NULL, 'ncps-shapla-kali-symbol-as-seen-on-the-ballot', '<div class=\"ql-editor\"><p>জাতীয় নাগরিক পার্টিকে (এনসিপি) ‘শাপলা কলি’ প্রতীকটি নির্বাচন কমিশন আগেই বরাদ্দ দিয়েছে। তবে সেই প্রতীকটি দেখতে কেমন হবে তা কারো জানা ছিল না। অবশেষ সেই প্রতীকটি সামনে আনল নির্বাচন কমিশন (ইসি)।</p><p><br></p><p>বুধবার (২৬ নভেম্বর) সংস্থাটির ওয়েবসাইটে দলের নামের পাশে প্রতীকটি জুড়ে দেয়। আর প্রতীকটিই থাকবে ত্রয়োদশ আগামীতে অনুষ্ঠেয় নির্বাচনের ব্যালট পেপারে।</p><p><br></p><p>শাপলা কলি প্রতীকটিতে রাখা হয়েছে- নিচে প্রায় বৃত্তাকার শাপলা পাতা, সেখান থেকে একটি ডাটা ওঠে এসেছে ওপরের দিকে, আর ডাটার ওপরে রয়েছে মোড়ানো কলি। গত ১৭ নভেম্বর ৫৮ নম্বর দল হিসেবে এনসিপিকে নিবন্ধন দেয় ইসি।</p><p><br></p></div><div class=\"ql-tooltip ql-hidden\"><a class=\"ql-preview\" rel=\"noopener noreferrer\" target=\"_blank\" href=\"about:blank\"></a>< type=\"text\" data-formula=\"e=mc^2\" data-link=\"https://quilljs.com\" data-video=\"Embed URL\"><a class=\"ql-action\"></a><a class=\"ql-remove\"></a></div>', NULL, NULL, 1, NULL, NULL, NULL, NULL, NULL, NULL, NULL, NULL, NULL, NULL, 1, '2025-11-26 17:08:07', '2025-11-26 18:42:12'),
(83, 'news', 5, 'খালেদা জিয়ার সুস্থতা চেয়ে ফুল পাঠালেন চীনা রাষ্ট্রদূত', NULL, 'chinese-ambassador-sends-flowers-to-khaleda-zia-for-her-recovery', '<div class=\"ql-editor\"><p>বিএনপির চেয়ারপারসন ও সাবেক প্রধানমন্ত্রী বেগম খালেদা জিয়ার সুস্থতা কামনা করে ফুলের তোড়া পাঠিয়েছেন ঢাকাস্থ চায়না রাষ্ট্রদূত ইয়াও ওয়েন। সঙ্গে একটি শুভেচ্ছাপত্রও পাঠিয়েছেন রাষ্ট্রদূত।</p><p><br></p><p>বুধবার (২৬ নভেম্বর) বিএনপির মিডিয়া সেল থেকে এ তথ্য নিশ্চিত করা হয়।</p><p><br></p><p>মিডিয়া সেলের সদস্য শায়রুল কবির খান বলেন, বুধবার সন্ধ্যা ৬টা ৪০ মিনিটে গুলশান চেয়ারপারসন অফিসে ফুলের তোড়া ও শুভেচ্ছাপত্র আনুষ্ঠানিকভাবে গ্রহণ করেন বিএনপি চেয়ারপার্সনের একান্ত সচিব এবিএম আব্দুস সাত্তার।</p><p><br></p><p>উল্লেখ্য, গত রোববার রাতে খালেদা জিয়াকে রাজধানীর এভারকেয়ার হাসপাতালে নেওয়া হয়। হাসপাতালের বিশেষজ্ঞ চিকিৎসক অধ্যাপক শাহাবুদ্দিন তালুকদারের তত্ত্বাবধানে তার চিকিৎসা চলছে।</p><p><br></p><p>তার শারীরিক অবস্থা স্থিতিশীল বলে জানিয়েছেন চিকিৎসক। তিনি এখন হাসপাতালের কেবিনে রয়েছেন। পূর্ণ সুস্থতার জন্য সময় প্রয়োজন।</p><p><br></p><p>লন্ডন থেকে খালেদা জিয়ার বড় ছেলে তারেক রহমান ও তার স্ত্রী ডা. জুবাইদা রহমান শারীরিক অবস্থার সার্বক্ষণিক খোঁজখবর রাখছেন। এ ছাড়া ঢাকায় খালেদা জিয়ার পাশেই আছেন ছোট ছেলে মরহুম আরাফাত রহমান কোকোর স্ত্রী সৈয়দা শামিলা রহমান সিঁথি।</p><p><br></p><p>এদিকে খালেদা জিয়ার সুস্থতা কামনায় বিভিন্ন স্থানে দোয়া মাহফিল করেছেন বিএনপি ও অঙ্গ সংগঠনের নেতাকর্মী ও তার অনুসারীরা।</p></div><div class=\"ql-tooltip ql-hidden\"><a class=\"ql-preview\" rel=\"noopener noreferrer\" target=\"_blank\" href=\"about:blank\"></a>< type=\"text\" data-formula=\"e=mc^2\" data-link=\"https://quilljs.com\" data-video=\"Embed URL\"><a class=\"ql-action\"></a><a class=\"ql-remove\"></a></div>', NULL, NULL, 2, NULL, NULL, NULL, NULL, NULL, NULL, NULL, NULL, NULL, NULL, 1, '2025-11-26 17:09:15', '2025-11-26 17:09:15'),
(84, 'news', 5, '‘বিএনপি সরকারে এলে ব্যাংক ও বীমা খাতে বড় সংস্কার হবে’', NULL, 'if-bnp-comes-to-power-there-will-be-major-reforms-in-the-banking-and-insurance-sectors', '<div class=\"ql-editor\"><p>বিএনপি সরকার গঠন করলে ব্যাংক ও বীমা খাতগুলোতে বড় ধরনের সংস্কার আনা হবে বলে জানিয়েছেন দলের স্থায়ী কমিটির সদস্য আমীর খসরু মাহমুদ চৌধুরী।</p><p><br></p><p>বুধবার (২৬ নভেম্বর) দুপুরে রাজধানীর ডিপ্লোমা ইঞ্জিনিয়ারিং ইনস্টিটিউটে পপুলার লাইফ ইনস্যুরেন্সের ২৫ বছর পূর্তির অনুষ্ঠানে তিনি এ কথা বলেন।</p><p><br></p><p>বিএনপি এই নেতা বলেন, অনেক ইনস্যুরেন্স কোম্পানি টাকা ফেরত দিতে পারছে না। এ রকম ২০টি কোম্পানি আছে দেশে। যারা লুটপাট করেছে সেইসব ইনস্যুরেন্স কোম্পানির অবস্থাগুলো আজ ভেবে দেখুন। আগামী দিনে ক্ষমতায় এলে আমরা এটা চলতে দেব না। এসব জায়গায় বড় সংস্কার করতে হবে।</p><p><br></p><p>তিনি আরও বলেন, বিএনপি ক্ষমতায় গেলে ব্যাংক ও বীমা খাতে বড় ধরনের সংস্কার করা হবে। সেইসঙ্গে স্বচ্ছতা নিশ্চিতে আর্থিক সেক্টর দলীয়করণ মুক্ত করা হবে বলেও প্রতিশ্রুতি দেন।</p><p><br></p><p>‘বিএনপি সরকারে এলে ব্যাংক ও বীমা খাতে বড় সংস্কার হবে’</p><p>লটারিতে এসপি নিয়োগে মেধাবী কেউ বাদ পড়েনি : স্বরাষ্ট্র উপদেষ্টা</p><p>আমীর খসরু বলেন, দেশে দীর্ঘদিন ধরে কিছু কোম্পানি সাধারণ মানুষকে ভোগান্তির মধ্যে রেখেছে। তাই এ প্রতিষ্ঠানগুলোকে জবাবদিহির আওতায় আনা হবে।</p><p><br></p><p>বিএনপির স্থায়ী কমিটির সদস্য বলেন, বিগত সরকারের আমলে দলীয় বিবেচনায় অনেক ইনস্যুরেন্স কোম্পানি ও ব্যাংক তৈরি করা হয়েছে, যা অর্থনীতিকে ক্ষতিগ্রস্ত করেছে। এসব প্রতিষ্ঠানের কোনো জবাবদিহি না থাকার কারণে সাধারণ মানুষ অর্থনৈতিকভাবে ক্ষতিগ্রস্ত হয়েছে। নির্বাচিত সরকার এ খাতগুলোতে স্বচ্ছতা ও জবাবদিহি ফিরিয়ে আনবে।</p><p><br></p></div><div class=\"ql-tooltip ql-hidden\"><a class=\"ql-preview\" rel=\"noopener noreferrer\" target=\"_blank\" href=\"about:blank\"></a>< type=\"text\" data-formula=\"e=mc^2\" data-link=\"https://quilljs.com\" data-video=\"Embed URL\"><a class=\"ql-action\"></a><a class=\"ql-remove\"></a></div>', NULL, NULL, 3, NULL, NULL, NULL, NULL, NULL, NULL, NULL, NULL, NULL, NULL, 1, '2025-11-26 17:10:42', '2025-11-26 17:44:04');

-- --------------------------------------------------------

--
-- Table structure for table `content_tag`
--

CREATE TABLE `content_tag` (
  `content_id` bigint(20) UNSIGNED NOT NULL,
  `tag_id` bigint(20) UNSIGNED NOT NULL,
  `created_at` timestamp NULL DEFAULT NULL,
  `updated_at` timestamp NULL DEFAULT NULL
) ENGINE=InnoDB DEFAULT CHARSET=utf8mb4 COLLATE=utf8mb4_unicode_ci;

--
-- Dumping data for table `content_tag`
--

INSERT INTO `content_tag` (`content_id`, `tag_id`, `created_at`, `updated_at`) VALUES
(46, 4, '2025-08-30 23:04:07', '2025-08-30 23:04:07'),
(47, 5, '2025-08-30 23:07:16', '2025-08-30 23:07:16'),
(48, 4, '2025-08-30 23:29:55', '2025-08-30 23:29:55'),
(48, 5, '2025-08-30 23:29:55', '2025-08-30 23:29:55'),
(49, 8, '2025-09-03 08:14:54', '2025-09-03 08:14:54'),
(51, 3, '2025-09-07 00:22:37', '2025-09-07 00:22:37'),
(51, 4, '2025-09-07 00:22:37', '2025-09-07 00:22:37'),
(51, 5, '2025-09-07 00:22:37', '2025-09-07 00:22:37'),
(51, 8, '2025-09-07 00:22:37', '2025-09-07 00:22:37'),
(51, 9, '2025-09-07 00:22:37', '2025-09-07 00:22:37'),
(52, 4, '2025-09-07 01:00:16', '2025-09-07 01:00:16'),
(52, 8, '2025-09-07 01:00:16', '2025-09-07 01:00:16'),
(52, 9, '2025-09-07 01:00:16', '2025-09-07 01:00:16'),
(53, 5, '2025-09-07 06:43:46', '2025-09-07 06:43:46'),
(53, 8, '2025-09-07 06:43:46', '2025-09-07 06:43:46'),
(53, 9, '2025-09-07 06:43:46', '2025-09-07 06:43:46'),
(54, 8, '2025-09-07 06:48:16', '2025-09-07 06:48:16'),
(54, 9, '2025-09-07 06:48:16', '2025-09-07 06:48:16'),
(55, 5, '2025-09-07 06:55:03', '2025-09-07 06:55:03'),
(55, 7, '2025-09-07 06:55:03', '2025-09-07 06:55:03'),
(55, 8, '2025-09-07 06:55:03', '2025-09-07 06:55:03'),
(55, 9, '2025-09-07 06:55:03', '2025-09-07 06:55:03'),
(56, 5, '2025-09-21 18:52:49', '2025-09-21 18:52:49'),
(56, 10, '2025-09-21 18:52:49', '2025-09-21 18:52:49'),
(54, 10, '2025-09-21 19:00:39', '2025-09-21 19:00:39'),
(57, 4, '2025-09-21 19:08:14', '2025-09-21 19:08:14'),
(57, 5, '2025-09-21 19:08:14', '2025-09-21 19:08:14'),
(57, 8, '2025-09-21 19:08:14', '2025-09-21 19:08:14'),
(57, 9, '2025-09-21 19:08:14', '2025-09-21 19:08:14'),
(57, 10, '2025-09-21 19:08:14', '2025-09-21 19:08:14'),
(53, 10, '2025-09-21 19:10:41', '2025-09-21 19:10:41'),
(52, 10, '2025-09-21 19:10:47', '2025-09-21 19:10:47'),
(51, 10, '2025-09-21 19:10:52', '2025-09-21 19:10:52'),
(50, 10, '2025-09-21 19:10:59', '2025-09-21 19:10:59'),
(58, 3, '2025-09-21 19:41:05', '2025-09-21 19:41:05'),
(49, 3, '2025-09-21 20:01:54', '2025-09-21 20:01:54'),
(49, 10, '2025-09-21 20:01:54', '2025-09-21 20:01:54'),
(59, 3, '2025-09-21 20:41:08', '2025-09-21 20:41:08'),
(59, 5, '2025-09-21 20:41:08', '2025-09-21 20:41:08'),
(59, 8, '2025-09-21 20:41:08', '2025-09-21 20:41:08'),
(59, 9, '2025-09-21 20:41:08', '2025-09-21 20:41:08'),
(59, 10, '2025-09-21 20:41:08', '2025-09-21 20:41:08'),
(59, 11, '2025-09-21 21:25:56', '2025-09-21 21:25:56'),
(57, 11, '2025-09-24 02:13:40', '2025-09-24 02:13:40'),
(58, 11, '2025-09-24 02:15:16', '2025-09-24 02:15:16'),
(60, 11, '2025-09-24 02:18:19', '2025-09-24 02:18:19'),
(60, 4, '2025-09-24 02:18:35', '2025-09-24 02:18:35'),
(60, 8, '2025-09-24 02:18:35', '2025-09-24 02:18:35'),
(60, 9, '2025-09-24 02:18:35', '2025-09-24 02:18:35'),
(60, 10, '2025-09-24 02:18:35', '2025-09-24 02:18:35'),
(61, 4, '2025-09-24 02:23:05', '2025-09-24 02:23:05'),
(61, 5, '2025-09-24 02:23:05', '2025-09-24 02:23:05'),
(61, 8, '2025-09-24 02:23:05', '2025-09-24 02:23:05'),
(61, 9, '2025-09-24 02:23:05', '2025-09-24 02:23:05'),
(61, 10, '2025-09-24 02:23:05', '2025-09-24 02:23:05'),
(61, 11, '2025-09-24 02:23:05', '2025-09-24 02:23:05'),
(62, 11, '2025-10-05 15:10:44', '2025-10-05 15:10:44'),
(63, 24, '2025-10-06 02:38:29', '2025-10-06 02:38:29'),
(63, 3, '2025-10-06 02:38:29', '2025-10-06 02:38:29'),
(63, 4, '2025-10-06 02:38:29', '2025-10-06 02:38:29'),
(63, 5, '2025-10-06 02:38:29', '2025-10-06 02:38:29'),
(63, 7, '2025-10-06 02:38:29', '2025-10-06 02:38:29'),
(63, 25, '2025-10-06 02:38:29', '2025-10-06 02:38:29'),
(63, 26, '2025-10-06 02:38:29', '2025-10-06 02:38:29'),
(63, 27, '2025-10-06 02:38:29', '2025-10-06 02:38:29'),
(63, 28, '2025-10-06 02:38:29', '2025-10-06 02:38:29'),
(63, 29, '2025-10-06 02:38:29', '2025-10-06 02:38:29'),
(63, 30, '2025-10-06 02:38:29', '2025-10-06 02:38:29'),
(63, 31, '2025-10-06 02:38:29', '2025-10-06 02:38:29'),
(63, 32, '2025-10-06 02:38:29', '2025-10-06 02:38:29'),
(63, 33, '2025-10-06 02:38:29', '2025-10-06 02:38:29'),
(63, 34, '2025-10-06 02:38:29', '2025-10-06 02:38:29'),
(63, 35, '2025-10-06 02:38:29', '2025-10-06 02:38:29'),
(63, 36, '2025-10-06 02:38:29', '2025-10-06 02:38:29'),
(63, 37, '2025-10-06 02:38:29', '2025-10-06 02:38:29'),
(63, 38, '2025-10-06 02:38:29', '2025-10-06 02:38:29'),
(63, 39, '2025-10-06 02:38:30', '2025-10-06 02:38:30'),
(63, 11, '2025-10-06 02:38:30', '2025-10-06 02:38:30'),
(63, 12, '2025-10-06 02:38:30', '2025-10-06 02:38:30'),
(63, 22, '2025-10-06 02:38:30', '2025-10-06 02:38:30'),
(63, 23, '2025-10-06 02:38:30', '2025-10-06 02:38:30'),
(63, 8, '2025-10-06 02:38:30', '2025-10-06 02:38:30'),
(63, 9, '2025-10-06 02:38:30', '2025-10-06 02:38:30'),
(63, 10, '2025-10-06 02:38:30', '2025-10-06 02:38:30'),
(64, 24, '2025-10-06 02:40:36', '2025-10-06 02:40:36'),
(64, 4, '2025-10-06 02:40:36', '2025-10-06 02:40:36'),
(64, 5, '2025-10-06 02:40:36', '2025-10-06 02:40:36'),
(64, 33, '2025-10-06 02:40:36', '2025-10-06 02:40:36'),
(64, 11, '2025-10-06 02:40:36', '2025-10-06 02:40:36'),
(64, 23, '2025-10-06 02:40:36', '2025-10-06 02:40:36'),
(65, 24, '2025-10-08 00:45:45', '2025-10-08 00:45:45'),
(65, 4, '2025-10-08 00:45:45', '2025-10-08 00:45:45'),
(65, 5, '2025-10-08 00:45:45', '2025-10-08 00:45:45'),
(65, 33, '2025-10-08 00:45:45', '2025-10-08 00:45:45'),
(65, 11, '2025-10-08 00:45:45', '2025-10-08 00:45:45'),
(57, 140, '2025-10-12 03:58:30', '2025-10-12 03:58:30'),
(58, 140, '2025-10-12 03:58:30', '2025-10-12 03:58:30'),
(63, 40, '2025-10-11 22:02:18', '2025-10-11 22:02:18'),
(61, 40, '2025-10-11 22:02:28', '2025-10-11 22:02:28'),
(63, 3, '2025-10-12 20:37:19', '2025-10-12 20:37:19'),
(64, 3, '2025-10-12 20:37:19', '2025-10-12 20:37:19'),
(65, 3, '2025-10-12 20:37:19', '2025-10-12 20:37:19'),
(55, 3, '2025-10-12 20:37:19', '2025-10-12 20:37:19'),
(56, 3, '2025-10-12 20:37:19', '2025-10-12 20:37:19'),
(57, 3, '2025-10-12 20:37:19', '2025-10-12 20:37:19'),
(71, 8, '2025-11-20 21:11:46', '2025-11-20 21:11:46'),
(71, 5, '2025-11-20 21:11:46', '2025-11-20 21:11:46'),
(71, 11, '2025-11-20 21:11:46', '2025-11-20 21:11:46'),
(72, 8, '2025-11-20 21:18:53', '2025-11-20 21:18:53'),
(72, 3, '2025-11-20 21:18:53', '2025-11-20 21:18:53'),
(72, 22, '2025-11-20 21:18:53', '2025-11-20 21:18:53'),
(73, 8, '2025-11-20 21:23:42', '2025-11-20 21:23:42'),
(73, 3, '2025-11-20 21:23:42', '2025-11-20 21:23:42'),
(73, 22, '2025-11-20 21:23:42', '2025-11-20 21:23:42'),
(74, 8, '2025-11-20 21:31:23', '2025-11-20 21:31:23'),
(74, 9, '2025-11-20 21:31:23', '2025-11-20 21:31:23'),
(74, 10, '2025-11-20 21:31:23', '2025-11-20 21:31:23'),
(74, 40, '2025-11-20 21:31:23', '2025-11-20 21:31:23'),
(74, 3, '2025-11-20 21:31:24', '2025-11-20 21:31:24'),
(74, 22, '2025-11-20 21:31:24', '2025-11-20 21:31:24'),
(74, 4, '2025-11-24 18:08:43', '2025-11-24 18:08:43'),
(74, 5, '2025-11-24 18:08:43', '2025-11-24 18:08:43'),
(73, 4, '2025-11-24 18:08:54', '2025-11-24 18:08:54'),
(73, 5, '2025-11-24 18:08:54', '2025-11-24 18:08:54'),
(53, 3, '2025-11-24 18:17:49', '2025-11-24 18:17:49'),
(53, 4, '2025-11-24 18:17:49', '2025-11-24 18:17:49'),
(75, 8, '2025-11-24 18:20:33', '2025-11-24 18:20:33'),
(75, 3, '2025-11-24 18:20:33', '2025-11-24 18:20:33'),
(75, 4, '2025-11-24 18:20:33', '2025-11-24 18:20:33'),
(75, 5, '2025-11-24 18:20:33', '2025-11-24 18:20:33'),
(75, 11, '2025-11-24 18:20:33', '2025-11-24 18:20:33'),
(75, 22, '2025-11-24 18:20:33', '2025-11-24 18:20:33'),
(76, 4, '2025-11-26 15:51:18', '2025-11-26 15:51:18'),
(76, 5, '2025-11-26 15:51:18', '2025-11-26 15:51:18'),
(76, 26, '2025-11-26 15:51:18', '2025-11-26 15:51:18'),
(76, 11, '2025-11-26 15:51:18', '2025-11-26 15:51:18'),
(77, 4, '2025-11-26 15:52:37', '2025-11-26 15:52:37'),
(77, 26, '2025-11-26 15:52:37', '2025-11-26 15:52:37'),
(77, 23, '2025-11-26 15:52:37', '2025-11-26 15:52:37'),
(78, 4, '2025-11-26 15:53:54', '2025-11-26 15:53:54'),
(78, 5, '2025-11-26 15:53:54', '2025-11-26 15:53:54'),
(78, 26, '2025-11-26 15:53:54', '2025-11-26 15:53:54'),
(78, 11, '2025-11-26 15:53:54', '2025-11-26 15:53:54'),
(79, 4, '2025-11-26 16:04:39', '2025-11-26 16:04:39'),
(79, 26, '2025-11-26 16:04:39', '2025-11-26 16:04:39'),
(79, 11, '2025-11-26 16:04:39', '2025-11-26 16:04:39'),
(79, 23, '2025-11-26 16:04:39', '2025-11-26 16:04:39'),
(80, 8, '2025-11-26 16:06:24', '2025-11-26 16:06:24'),
(80, 4, '2025-11-26 16:06:24', '2025-11-26 16:06:24'),
(80, 26, '2025-11-26 16:06:24', '2025-11-26 16:06:24'),
(80, 11, '2025-11-26 16:06:24', '2025-11-26 16:06:24'),
(81, 5, '2025-11-26 16:56:40', '2025-11-26 16:56:40'),
(81, 25, '2025-11-26 16:56:40', '2025-11-26 16:56:40'),
(81, 11, '2025-11-26 16:56:40', '2025-11-26 16:56:40'),
(82, 25, '2025-11-26 17:08:07', '2025-11-26 17:08:07'),
(82, 50, '2025-11-26 17:08:07', '2025-11-26 17:08:07'),
(83, 25, '2025-11-26 17:09:16', '2025-11-26 17:09:16'),
(83, 45, '2025-11-26 17:09:16', '2025-11-26 17:09:16'),
(84, 25, '2025-11-26 17:10:43', '2025-11-26 17:10:43'),
(84, 23, '2025-11-26 17:10:43', '2025-11-26 17:10:43'),
(82, 3, '2025-11-26 18:42:12', '2025-11-26 18:42:12'),
(82, 4, '2025-11-26 18:42:12', '2025-11-26 18:42:12'),
(82, 5, '2025-11-26 18:42:12', '2025-11-26 18:42:12'),
(82, 7, '2025-11-26 18:42:12', '2025-11-26 18:42:12'),
(82, 26, '2025-11-26 18:42:12', '2025-11-26 18:42:12'),
(82, 27, '2025-11-26 18:42:12', '2025-11-26 18:42:12'),
(82, 28, '2025-11-26 18:42:12', '2025-11-26 18:42:12'),
(82, 29, '2025-11-26 18:42:12', '2025-11-26 18:42:12'),
(82, 30, '2025-11-26 18:42:12', '2025-11-26 18:42:12'),
(82, 31, '2025-11-26 18:42:12', '2025-11-26 18:42:12'),
(82, 32, '2025-11-26 18:42:12', '2025-11-26 18:42:12'),
(82, 33, '2025-11-26 18:42:12', '2025-11-26 18:42:12'),
(82, 34, '2025-11-26 18:42:12', '2025-11-26 18:42:12'),
(82, 35, '2025-11-26 18:42:12', '2025-11-26 18:42:12'),
(82, 36, '2025-11-26 18:42:12', '2025-11-26 18:42:12'),
(82, 37, '2025-11-26 18:42:12', '2025-11-26 18:42:12'),
(82, 39, '2025-11-26 18:42:12', '2025-11-26 18:42:12'),
(81, 3, '2025-11-26 18:44:06', '2025-11-26 18:44:06'),
(81, 4, '2025-11-26 18:44:06', '2025-11-26 18:44:06'),
(81, 7, '2025-11-26 18:44:06', '2025-11-26 18:44:06'),
(81, 26, '2025-11-26 18:44:06', '2025-11-26 18:44:06'),
(81, 27, '2025-11-26 18:44:06', '2025-11-26 18:44:06'),
(81, 28, '2025-11-26 18:44:06', '2025-11-26 18:44:06'),
(81, 29, '2025-11-26 18:44:06', '2025-11-26 18:44:06'),
(81, 30, '2025-11-26 18:44:06', '2025-11-26 18:44:06'),
(81, 31, '2025-11-26 18:44:06', '2025-11-26 18:44:06'),
(81, 33, '2025-11-26 18:44:06', '2025-11-26 18:44:06'),
(81, 34, '2025-11-26 18:44:06', '2025-11-26 18:44:06'),
(81, 35, '2025-11-26 18:44:06', '2025-11-26 18:44:06'),
(81, 36, '2025-11-26 18:44:06', '2025-11-26 18:44:06'),
(81, 38, '2025-11-26 18:44:06', '2025-11-26 18:44:06'),
(81, 39, '2025-11-26 18:44:06', '2025-11-26 18:44:06'),
(78, 3, '2025-11-26 19:02:57', '2025-11-26 19:02:57'),
(78, 7, '2025-11-26 19:02:57', '2025-11-26 19:02:57'),
(78, 25, '2025-11-26 19:02:57', '2025-11-26 19:02:57'),
(78, 27, '2025-11-26 19:02:57', '2025-11-26 19:02:57'),
(78, 28, '2025-11-26 19:02:57', '2025-11-26 19:02:57'),
(78, 29, '2025-11-26 19:02:57', '2025-11-26 19:02:57'),
(78, 30, '2025-11-26 19:02:57', '2025-11-26 19:02:57'),
(78, 31, '2025-11-26 19:02:57', '2025-11-26 19:02:57'),
(78, 32, '2025-11-26 19:02:57', '2025-11-26 19:02:57'),
(78, 33, '2025-11-26 19:02:57', '2025-11-26 19:02:57'),
(78, 34, '2025-11-26 19:02:57', '2025-11-26 19:02:57'),
(78, 35, '2025-11-26 19:02:57', '2025-11-26 19:02:57'),
(78, 36, '2025-11-26 19:02:57', '2025-11-26 19:02:57'),
(80, 3, '2025-11-26 19:04:49', '2025-11-26 19:04:49'),
(80, 5, '2025-11-26 19:04:49', '2025-11-26 19:04:49'),
(80, 7, '2025-11-26 19:04:49', '2025-11-26 19:04:49'),
(80, 25, '2025-11-26 19:04:49', '2025-11-26 19:04:49'),
(80, 27, '2025-11-26 19:04:49', '2025-11-26 19:04:49'),
(80, 28, '2025-11-26 19:04:49', '2025-11-26 19:04:49'),
(80, 29, '2025-11-26 19:04:49', '2025-11-26 19:04:49'),
(80, 30, '2025-11-26 19:04:49', '2025-11-26 19:04:49'),
(80, 31, '2025-11-26 19:04:49', '2025-11-26 19:04:49'),
(80, 32, '2025-11-26 19:04:49', '2025-11-26 19:04:49'),
(80, 33, '2025-11-26 19:04:49', '2025-11-26 19:04:49'),
(80, 34, '2025-11-26 19:04:49', '2025-11-26 19:04:49'),
(80, 35, '2025-11-26 19:04:49', '2025-11-26 19:04:49'),
(80, 36, '2025-11-26 19:04:49', '2025-11-26 19:04:49'),
(54, 7, '2025-11-26 19:10:07', '2025-11-26 19:10:07'),
(54, 25, '2025-11-26 19:10:07', '2025-11-26 19:10:07'),
(54, 26, '2025-11-26 19:10:07', '2025-11-26 19:10:07'),
(54, 27, '2025-11-26 19:10:07', '2025-11-26 19:10:07'),
(54, 29, '2025-11-26 19:10:07', '2025-11-26 19:10:07'),
(54, 30, '2025-11-26 19:10:07', '2025-11-26 19:10:07'),
(54, 31, '2025-11-26 19:10:07', '2025-11-26 19:10:07'),
(54, 32, '2025-11-26 19:10:07', '2025-11-26 19:10:07'),
(54, 33, '2025-11-26 19:10:07', '2025-11-26 19:10:07'),
(54, 34, '2025-11-26 19:10:07', '2025-11-26 19:10:07'),
(54, 35, '2025-11-26 19:10:07', '2025-11-26 19:10:07'),
(54, 36, '2025-11-26 19:10:07', '2025-11-26 19:10:07'),
(54, 39, '2025-11-26 19:10:07', '2025-11-26 19:10:07'),
(54, 23, '2025-11-26 19:10:07', '2025-11-26 19:10:07'),
(76, 7, '2025-11-26 19:11:26', '2025-11-26 19:11:26'),
(47, 3, '2025-11-26 20:10:28', '2025-11-26 20:10:28'),
(47, 4, '2025-11-26 20:10:28', '2025-11-26 20:10:28'),
(47, 7, '2025-11-26 20:10:28', '2025-11-26 20:10:28'),
(47, 25, '2025-11-26 20:10:28', '2025-11-26 20:10:28'),
(47, 26, '2025-11-26 20:10:28', '2025-11-26 20:10:28'),
(47, 27, '2025-11-26 20:10:28', '2025-11-26 20:10:28'),
(47, 28, '2025-11-26 20:10:28', '2025-11-26 20:10:28'),
(47, 29, '2025-11-26 20:10:28', '2025-11-26 20:10:28'),
(47, 30, '2025-11-26 20:10:28', '2025-11-26 20:10:28'),
(47, 31, '2025-11-26 20:10:28', '2025-11-26 20:10:28'),
(47, 32, '2025-11-26 20:10:28', '2025-11-26 20:10:28'),
(47, 33, '2025-11-26 20:10:28', '2025-11-26 20:10:28'),
(47, 34, '2025-11-26 20:10:28', '2025-11-26 20:10:28'),
(47, 35, '2025-11-26 20:10:28', '2025-11-26 20:10:28'),
(47, 36, '2025-11-26 20:10:28', '2025-11-26 20:10:28'),
(47, 39, '2025-11-26 20:10:28', '2025-11-26 20:10:28'),
(47, 23, '2025-11-26 20:10:28', '2025-11-26 20:10:28');

-- --------------------------------------------------------

--
-- Table structure for table `failed_jobs`
--

CREATE TABLE `failed_jobs` (
  `id` bigint(20) UNSIGNED NOT NULL,
  `uuid` varchar(255) NOT NULL,
  `connection` text NOT NULL,
  `queue` text NOT NULL,
  `payload` longtext NOT NULL,
  `exception` longtext NOT NULL,
  `failed_at` timestamp NOT NULL DEFAULT current_timestamp()
) ENGINE=InnoDB DEFAULT CHARSET=utf8mb4 COLLATE=utf8mb4_unicode_ci;

-- --------------------------------------------------------

--
-- Table structure for table `jobs`
--

CREATE TABLE `jobs` (
  `id` bigint(20) UNSIGNED NOT NULL,
  `queue` varchar(255) NOT NULL,
  `payload` longtext NOT NULL,
  `attempts` tinyint(3) UNSIGNED NOT NULL,
  `reserved_at` int(10) UNSIGNED DEFAULT NULL,
  `available_at` int(10) UNSIGNED NOT NULL,
  `created_at` int(10) UNSIGNED NOT NULL
) ENGINE=InnoDB DEFAULT CHARSET=utf8mb4 COLLATE=utf8mb4_unicode_ci;

-- --------------------------------------------------------

--
-- Table structure for table `job_batches`
--

CREATE TABLE `job_batches` (
  `id` varchar(255) NOT NULL,
  `name` varchar(255) NOT NULL,
  `total_jobs` int(11) NOT NULL,
  `pending_jobs` int(11) NOT NULL,
  `failed_jobs` int(11) NOT NULL,
  `failed_job_ids` longtext NOT NULL,
  `options` mediumtext DEFAULT NULL,
  `cancelled_at` int(11) DEFAULT NULL,
  `created_at` int(11) NOT NULL,
  `finished_at` int(11) DEFAULT NULL
) ENGINE=InnoDB DEFAULT CHARSET=utf8mb4 COLLATE=utf8mb4_unicode_ci;

-- --------------------------------------------------------

--
-- Table structure for table `landecials`
--

CREATE TABLE `landecials` (
  `id` int(11) NOT NULL,
  `landing_id` int(11) NOT NULL,
  `landing_slug` varchar(256) NOT NULL,
  `contents` longtext NOT NULL,
  `status` tinyint(4) NOT NULL,
  `created_at` datetime NOT NULL,
  `updated_at` datetime NOT NULL
) ENGINE=InnoDB DEFAULT CHARSET=utf8mb4 COLLATE=utf8mb4_general_ci;

--
-- Dumping data for table `landecials`
--

INSERT INTO `landecials` (`id`, `landing_id`, `landing_slug`, `contents`, `status`, `created_at`, `updated_at`) VALUES
(1, 74, 'shuvo', '<!DOCTYPE html>\r\n<html lang=\"en\">\r\n<head>\r\n  <meta charset=\"UTF-8\" />\r\n  <meta name=\"viewport\" content=\"width=device-width, initial-scale=1.0\" />\r\n  <title>Buy Now - Mobile Shop</title>\r\n  <script src=\"https://cdn.tailwindcss.com\"></script>\r\n</head>\r\n<body class=\"bg-gray-100 text-gray-800\">\r\n\r\n  <div class=\"max-w-3xl mx-auto bg-white shadow-md mt-10 p-6 rounded-lg\">\r\n    <!-- Product Info -->\r\n    <div class=\"grid md:grid-cols-2 gap-6\">\r\n      <div>\r\n        <img src=\"https://via.placeholder.com/400x400?text=Mobile+Image\" alt=\"Mobile Product\" class=\"w-full rounded-lg shadow\">\r\n      </div>\r\n      <div>\r\n        <h2 class=\"text-2xl font-bold mb-2\">Samsung Galaxy S24 Ultra</h2>\r\n        <p class=\"text-gray-600 mb-4\">Experience next-level mobile performance with the powerful Samsung Galaxy S24 Ultra – stunning display, fast processor, and incredible camera.</p>\r\n        \r\n        <div class=\"mb-4\">\r\n          <span class=\"text-3xl font-semibold text-green-600\">$1,099.00</span>\r\n        </div>\r\n\r\n        <form action=\"/buy-now\" method=\"POST\">\r\n          <!-- Quantity -->\r\n          <div class=\"mb-4\">\r\n            <label for=\"quantity\" class=\"block text-sm font-medium mb-1\">Quantity</label>\r\n            <input type=\"number\" id=\"quantity\" name=\"quantity\" value=\"1\" min=\"1\" class=\"w-24 px-3 py-2 border rounded-md focus:outline-none focus:ring focus:ring-blue-300\">\r\n          </div>\r\n\r\n          <!-- Color (optional) -->\r\n          <div class=\"mb-4\">\r\n            <label class=\"block text-sm font-medium mb-1\">Color</label>\r\n            <select name=\"color\" class=\"w-full px-3 py-2 border rounded-md\">\r\n              <option>Phantom Black</option>\r\n              <option>Green</option>\r\n              <option>Graphite</option>\r\n            </select>\r\n          </div>\r\n\r\n          <!-- Buy Now Button -->\r\n          <button type=\"submit\" class=\"w-full bg-blue-600 text-white py-3 rounded-md font-semibold hover:bg-blue-700 transition\">\r\n            Buy Now\r\n          </button>\r\n        </form>\r\n      </div>\r\n    </div>\r\n\r\n    <!-- Additional Info -->\r\n    <div class=\"mt-8\">\r\n      <h3 class=\"text-xl font-semibold mb-2\">Product Highlights</h3>\r\n      <ul class=\"list-disc list-inside text-sm text-gray-700\">\r\n        <li>6.8\" Dynamic AMOLED Display</li>\r\n        <li>Snapdragon 8 Gen 3 Processor</li>\r\n        <li>200MP + 12MP + 10MP Cameras</li>\r\n        <li>5000mAh Battery</li>\r\n        <li>One UI 6, Android 14</li>\r\n      </ul>\r\n    </div>\r\n  </div>\r\n\r\n</body>\r\n</html>', 1, '0000-00-00 00:00:00', '2025-07-15 11:32:01');

-- --------------------------------------------------------

--
-- Table structure for table `landings`
--

CREATE TABLE `landings` (
  `id` bigint(20) UNSIGNED NOT NULL,
  `linktype` varchar(16) NOT NULL,
  `pagelink` varchar(512) NOT NULL,
  `nextpagelink` varchar(512) DEFAULT NULL,
  `statuscode` varchar(3) NOT NULL,
  `created_at` timestamp NULL DEFAULT NULL,
  `updated_at` timestamp NULL DEFAULT NULL
) ENGINE=InnoDB DEFAULT CHARSET=utf8mb4 COLLATE=utf8mb4_unicode_ci;

--
-- Dumping data for table `landings`
--

INSERT INTO `landings` (`id`, `linktype`, `pagelink`, `nextpagelink`, `statuscode`, `created_at`, `updated_at`) VALUES
(1, 'landing', 'services', NULL, '200', '2025-02-25 05:01:40', '2025-02-25 05:01:40'),
(2, 'landing', '/', NULL, '200', '2025-02-25 05:01:40', '2025-02-25 05:01:40'),
(3, 'landing', 'contact', NULL, '200', '2025-02-25 05:51:49', '2025-02-25 05:51:49'),
(4, 'landing', 'case-study', NULL, '200', '2025-02-26 01:12:44', '2025-02-26 01:12:44'),
(6, 'page', 'privacy', NULL, '200', '2025-02-26 01:50:06', '2025-02-26 01:50:06'),
(7, 'page', 'mobile-apps-development', NULL, '200', '2025-02-26 01:58:54', '2025-02-26 01:58:54'),
(8, 'page', 'mobile-app-development-services', NULL, '200', '2025-02-26 02:02:37', '2025-02-26 02:02:37'),
(9, 'page', 'aa', NULL, '200', '2025-02-26 02:03:45', '2025-02-26 02:03:45'),
(10, 'page', 'sdfa', NULL, '200', '2025-02-26 02:07:11', '2025-02-26 02:07:11'),
(11, 'page', 'asdf', NULL, '200', '2025-02-26 02:08:05', '2025-02-26 02:08:05'),
(12, 'page', 'fasdfasd', NULL, '200', '2025-02-26 02:10:03', '2025-02-26 02:10:03'),
(13, 'page', 'df asdf', NULL, '200', '2025-02-26 02:10:31', '2025-02-26 02:10:31'),
(14, 'page', 'dfasdfas', NULL, '200', '2025-02-26 02:11:30', '2025-02-26 02:11:30'),
(15, 'service', 'service-1', NULL, '200', '2025-02-26 02:21:29', '2025-02-26 02:21:29'),
(16, 'service', 'sdfasdf', NULL, '200', '2025-02-26 02:22:27', '2025-02-26 02:22:27'),
(17, 'service', 'a sdfa sdfasdf asd', 'service-111', '301', '2025-02-26 02:24:47', '2025-03-10 04:27:58'),
(18, 'service', 'afa sdfasd f asdf', 'service-2', '301', '2025-02-26 02:27:03', '2025-03-10 04:45:11'),
(19, 'landing', 'about', NULL, '200', '2025-03-04 02:44:13', '2025-03-04 02:44:13'),
(20, 'landing', 'blog', NULL, '200', '2025-03-09 22:25:37', '2025-03-09 22:25:37'),
(21, 'service', 'service-111', 'digital-marketing', '301', '2025-03-10 04:27:58', '2025-03-21 21:39:21'),
(22, 'service', 'service-2', 'mobile-apps-development', '301', '2025-03-10 04:45:11', '2025-03-21 21:39:02'),
(23, 'service', 'website-development', NULL, '200', '2025-03-10 21:34:35', '2025-03-10 21:34:35'),
(24, 'blog', 'a', NULL, '200', '2025-03-12 04:27:24', '2025-03-12 04:27:24'),
(25, 'service', 'digital-marketing', NULL, '200', '2025-03-21 21:39:21', '2025-03-21 21:39:21'),
(26, 'blog', 'blog-1', NULL, '200', '2025-04-05 07:16:59', '2025-04-05 07:16:59'),
(27, 'blog', 'asdfasdf asdfasdfasd', 'build-your-mvp-with-scalability-with-confidence-app-development-under-dollar10k-including-mobile-app', '301', '2025-04-05 07:20:34', '2025-04-05 07:33:32'),
(28, 'blog', 'build-your-mvp-with-scalability-with-confidence-app-development-under-dollar10k-including-mobile-app', NULL, '200', '2025-04-05 07:33:32', '2025-04-05 07:33:32'),
(29, 'landing', 'blogs', NULL, '200', '2025-03-04 02:44:13', '2025-03-04 02:44:13'),
(31, 'landing', 'build-mvp', NULL, '200', '2025-03-04 02:44:13', '2025-03-04 02:44:13'),
(32, 'blog', 'blog2', NULL, '404', '2025-04-09 02:17:03', '2025-04-09 04:12:31'),
(33, 'blog', 'blog3', NULL, '200', '2025-04-09 02:17:36', '2025-04-09 02:17:36'),
(34, 'landing', 'sitemap.xml', NULL, '200', '2025-04-09 02:58:20', '2025-04-09 02:58:20'),
(35, 'blog', 'mvp-post-bt-ttz', NULL, '200', '2025-04-09 03:03:26', '2025-04-09 03:03:26'),
(36, 'blog', 'general-blog-post-tsl', NULL, '200', '2025-04-09 04:12:19', '2025-04-09 04:12:19'),
(37, 'blog', 'test-slug-blog', NULL, '200', '2025-04-09 04:51:43', '2025-04-09 04:51:43'),
(38, 'blog', 'alsdfj asdfasdklf jaslkdfj', NULL, '200', '2025-04-09 08:17:45', '2025-04-09 08:17:45'),
(41, 'work', 'work-1', NULL, '200', '2025-04-12 05:02:07', '2025-04-12 05:02:07'),
(42, 'work', 'case-study-transforming-customer-engagement-with-a-custom-mobile-app', NULL, '200', '2025-04-12 05:53:22', '2025-04-12 05:53:22'),
(43, 'work', 'case-study-revamping-digital-presence-for-a-growing-consulting-firm', NULL, '200', '2025-04-12 05:55:25', '2025-04-12 05:55:25'),
(44, 'work', 'case-study-candy-crush-store-revolutionizing-mobile-shopping-in-kannauj', NULL, '200', '2025-04-13 00:52:41', '2025-04-13 00:52:41'),
(47, 'blog', 'appppp-devvv', NULL, '200', '2025-04-13 04:15:32', '2025-04-13 04:15:32'),
(48, 'service', 'seo-ser—vices', NULL, '200', '2025-04-13 04:28:08', '2025-04-13 04:28:08'),
(49, 'service', 'digital-marketing-services', NULL, '200', '2025-04-13 04:34:23', '2025-04-13 04:34:23'),
(50, 'service', 'this-is-service-slug', NULL, '200', '2025-04-13 05:21:36', '2025-04-13 05:21:36'),
(51, 'work', 'this-is-new-work', NULL, '200', '2025-04-20 01:41:55', '2025-04-20 01:41:55'),
(52, 'work', 'nw-2', NULL, '200', '2025-04-20 01:44:00', '2025-04-20 01:44:00'),
(53, 'work', 'dfa sdasdas dfasd as d asdfasd', NULL, '404', '2025-04-20 01:44:53', '2025-04-20 01:44:53'),
(54, 'work', 'dddddddd453ert', NULL, '404', '2025-04-20 01:47:28', '2025-04-20 01:47:28'),
(55, 'work', 'asdfasdfasdfasdfasdf asdfasdf', NULL, '404', '2025-04-20 02:00:50', '2025-04-20 02:00:50'),
(56, 'work', 'fddddddd', NULL, '404', '2025-04-20 02:01:43', '2025-04-20 02:01:43'),
(57, 'blog', 'dssd blog test 1', NULL, '200', '2025-04-20 02:04:07', '2025-04-20 02:04:07'),
(58, 'blog', 'ddddddddsdfasd fasdf', NULL, '200', '2025-04-20 02:04:40', '2025-07-20 00:45:09'),
(59, 'blog', 'asdf asdfasdfa sdfasdfasdf asdf', 'find-safe-pizza-with-our-food-safety-scanning-mobile-app', '301', '2025-04-20 02:06:05', '2025-07-27 23:59:24'),
(60, 'testimonial', '1-lorem-ipsum-testimonial', 'hydramate-limited', '301', '2025-04-22 08:38:53', '2025-04-23 00:25:57'),
(61, 'testimonial', 'testimonial-from-cfvl', 'testimonial-cfvl-bangladesh', '301', '2025-04-23 00:00:49', '2025-04-23 00:26:42'),
(62, 'testimonial', 'hydramate-limited', NULL, '404', '2025-04-23 00:25:57', '2025-04-23 00:50:24'),
(63, 'testimonial', 'testimonial-cfvl-bangladesh', NULL, '404', '2025-04-23 00:26:42', '2025-04-23 00:48:42'),
(64, 'testimonial', 'rohim-steel-corporation', NULL, '200', '2025-04-23 00:48:22', '2025-04-23 00:48:22'),
(65, 'testimonial', 'arha-communications', NULL, '200', '2025-04-23 00:51:30', '2025-04-23 00:51:30'),
(66, 'testimonial', 'meghna-group-of-industries', NULL, '200', '2025-04-23 00:58:08', '2025-04-23 00:58:08'),
(67, 'landing', 'mvp-rescue-revamp-rebuild-migrate', NULL, '200', '2025-05-05 00:45:32', '2025-05-05 00:45:32'),
(68, 'landing', 'rebuild-mvp', NULL, '200', '2025-05-05 00:48:36', '2025-05-05 00:48:36'),
(69, 'landing', 'creatives', NULL, '200', '2025-04-20 02:04:07', '2025-04-20 02:04:07'),
(70, 'page', 'mfc', NULL, '200', '2025-05-29 03:24:29', '2025-05-29 03:24:29'),
(71, 'landecial', 'wave-engineering-lenze-i510', NULL, '200', '2025-07-15 02:43:56', '2025-07-15 02:43:56'),
(74, 'landecial', 'shuvo', NULL, '200', '2025-07-15 05:25:06', '2025-07-15 05:25:06'),
(75, 'landecial', 'tsl-booking', NULL, '200', '2025-07-15 06:30:35', '2025-07-15 06:30:35'),
(76, 'blog', 'digital-business-solutions', NULL, '200', '2025-07-20 02:08:29', '2025-07-20 02:08:29'),
(77, 'home', 'secure-solutions', NULL, '200', '2025-07-20 02:38:45', '2025-07-20 02:38:45'),
(78, 'home', 'managed-it-services', NULL, '200', '2025-07-20 02:41:35', '2025-07-20 02:41:35'),
(79, 'home', 'collect-business-requirements', NULL, '200', '2025-07-20 02:49:09', '2025-07-20 02:49:09'),
(80, 'home', 'prepare-plan-and-execute', NULL, '200', '2025-07-20 02:49:41', '2025-07-20 02:49:41'),
(81, 'home', 'get-and-share-results', NULL, '200', '2025-07-20 02:50:08', '2025-07-20 02:50:08'),
(83, 'blog', 'find-safe-pizza-with-our-food-safety-scanning-mobile-app', NULL, '200', '2025-07-27 23:59:24', '2025-07-27 23:59:24'),
(84, 'blog', 'low-cost-dev', NULL, '200', '2025-08-02 02:36:02', '2025-08-02 02:36:02'),
(85, 'tag', 'latest-news', NULL, '200', '2025-08-27 03:14:08', '2025-08-27 03:14:08'),
(86, 'tag', 'ddsdfsdfsdfsdfsdf', NULL, '200', '2025-08-30 21:06:30', '2025-08-30 21:06:30'),
(87, 'tag', 'ddderwerwserwer', NULL, '200', '2025-08-30 21:06:48', '2025-08-30 21:06:48'),
(88, 'tag', 'coxsbazar', NULL, '200', '2025-08-30 21:07:38', '2025-08-30 21:07:38'),
(89, 'tag', 'international', NULL, '200', '2025-08-30 21:08:13', '2025-08-30 21:08:13'),
(90, 'tag', 'bangladesh', NULL, '200', '2025-08-30 21:09:08', '2025-08-30 21:09:08'),
(91, 'tag', 'more', NULL, '200', '2025-08-30 21:57:04', '2025-08-30 21:57:04'),
(92, 'tag', 'entertainment', NULL, '200', '2025-08-30 21:58:51', '2025-08-30 21:58:51'),
(93, 'news', 'one-of-the-most-expensive-newspapers-in-the-world', NULL, '200', '2025-08-30 23:04:07', '2025-08-30 23:04:07'),
(94, 'news', 'natures-blessings-neem-a-medicinal-plant', NULL, '200', '2025-08-30 23:07:16', '2025-08-30 23:07:16'),
(95, 'news', '11-sixes-off-12-balls', NULL, '200', '2025-08-30 23:29:55', '2025-08-30 23:29:55'),
(96, 'tag', 'top', NULL, '200', '2025-09-03 08:07:54', '2025-09-03 08:07:54'),
(97, 'news', 'clear-low-pressure-in-bay-of-bengal-warning-signal-number-3-in-seaports', NULL, '200', '2025-09-03 08:14:54', '2025-09-03 08:14:54'),
(98, 'tag', 'trending', NULL, '200', '2025-09-03 08:16:27', '2025-09-03 08:16:27'),
(99, 'news', 'hathazari-traffic-slows-down-traffic-resumes-after-seven-hours', NULL, '200', '2025-09-06 23:55:30', '2025-09-06 23:55:30'),
(100, 'news', 'rohinga-issue-update-sept-2025', NULL, '200', '2025-09-07 00:22:37', '2025-09-07 00:22:37'),
(101, 'news', 'plans-to-deploy-bangladeshi-and-saudi-troops-in-ukraines-buffer-zone', NULL, '200', '2025-09-07 01:00:16', '2025-09-07 01:00:16'),
(102, 'landing', 'latest', NULL, '200', '2025-09-07 01:06:49', '2025-09-07 01:06:49'),
(103, 'news', 'important-instructions-for-47th-bcs-examinees', NULL, '200', '2025-09-07 06:43:45', '2025-09-07 06:43:45'),
(104, 'news', 'lunar-eclipse-today-can-be-seen-from-bangladesh', NULL, '200', '2025-09-07 06:48:16', '2025-09-07 06:48:16'),
(105, 'news', 'today-iqbal-khandakers-guest-is-milton-khandaker', NULL, '200', '2025-09-07 06:55:03', '2025-09-07 06:55:03'),
(106, 'home', 'Gas discovered in Habiganj well, gas worth Tk 4,700 crore to be found in 10 years', NULL, '200', '2025-09-07 11:48:38', '2025-09-07 11:48:38'),
(107, 'news', 'chief-advisor-leaves-for-new-york', NULL, '200', '2025-09-21 19:08:09', '2025-09-21 19:08:09'),
(108, 'news', 'lifeguard-service-is-being-discontinued-at-coxs-bazar-beach-whats-behind-it', NULL, '200', '2025-09-21 19:41:04', '2025-09-21 19:41:04'),
(109, 'news', 'emergency-instructions-for-tourists-at-sea', NULL, '200', '2025-09-21 20:41:07', '2025-09-21 20:41:07'),
(110, 'tag', 'desk-reports', NULL, '200', '2025-09-21 21:13:29', '2025-09-21 21:13:29'),
(111, 'tag', 'entertainment-desk', NULL, '200', '2025-09-21 21:14:17', '2025-09-21 21:14:17'),
(112, 'tag', 'jute-industry', NULL, '200', '2025-09-21 21:47:53', '2025-09-21 21:47:53'),
(113, 'tag', 'factory', NULL, '200', '2025-09-21 21:48:39', '2025-09-21 21:48:39'),
(114, 'tag', 'worker', NULL, '200', '2025-09-21 21:49:04', '2025-09-21 21:49:04'),
(115, 'tag', 'foreign-exchange', NULL, '200', '2025-09-21 21:49:42', '2025-09-21 21:49:42'),
(116, 'tag', 'shipbuilding', NULL, '200', '2025-09-21 21:50:36', '2025-09-21 21:50:36'),
(117, 'tag', 'kalrab-society', NULL, '200', '2025-09-21 21:52:14', '2025-09-21 21:52:14'),
(118, 'tag', 'jute-mill', NULL, '200', '2025-09-21 21:52:57', '2025-09-21 21:52:57'),
(119, 'tag', 'kalsindur', NULL, '200', '2025-09-21 21:53:39', '2025-09-21 21:53:39'),
(120, 'tag', 'clockwork', NULL, '200', '2025-09-21 21:54:35', '2025-09-21 21:54:35'),
(121, 'news', 'trumps-inflammatory-speech-at-the-un-angering-several-countries', NULL, '200', '2025-09-24 02:18:19', '2025-09-24 02:18:19'),
(122, 'news', 'foreign-debt-hits-record-surpasses-dollar112-billion', NULL, '200', '2025-09-24 02:23:05', '2025-09-24 02:23:05'),
(123, 'tag', 'coxs-bazar-correspondent', NULL, '200', '2025-10-05 06:48:57', '2025-10-05 06:48:57'),
(124, 'tag', 'special-correspondent', NULL, '200', '2025-10-05 06:49:37', '2025-10-05 06:49:37'),
(125, 'news', 'What-is-happening-to-the-sand-dunes-on-the-beach?', NULL, '404', '2025-10-05 15:10:43', '2025-10-08 02:09:02'),
(126, 'tag', 'world-health-day-2025', NULL, '200', '2025-10-06 02:24:56', '2025-10-06 02:24:56'),
(127, 'tag', 'politics', NULL, '200', '2025-10-06 02:27:45', '2025-10-06 02:27:45'),
(128, 'tag', 'sports', NULL, '200', '2025-10-06 02:28:27', '2025-10-06 02:28:27'),
(129, 'tag', 'business', NULL, '200', '2025-10-06 02:29:45', '2025-10-06 02:29:45'),
(130, 'tag', 'opinion', NULL, '200', '2025-10-06 02:30:55', '2025-10-06 02:30:55'),
(131, 'tag', 'religion', NULL, '200', '2025-10-06 02:31:12', '2025-10-06 02:31:12'),
(132, 'tag', 'tourism', NULL, '200', '2025-10-06 02:31:36', '2025-10-06 02:31:36'),
(133, 'tag', 'science-and-technology', NULL, '200', '2025-10-06 02:32:12', '2025-10-06 02:32:12'),
(134, 'tag', 'education', NULL, '200', '2025-10-06 02:32:41', '2025-10-06 02:32:41'),
(135, 'tag', 'health', NULL, '200', '2025-10-06 02:33:10', '2025-10-06 02:33:10'),
(136, 'tag', 'literature-and-culture', NULL, '200', '2025-10-06 02:33:39', '2025-10-06 02:33:39'),
(137, 'tag', 'expatriate', NULL, '200', '2025-10-06 02:33:57', '2025-10-06 02:33:57'),
(138, 'tag', 'others', NULL, '200', '2025-10-06 02:34:31', '2025-10-06 02:34:31'),
(139, 'tag', 'videos', NULL, '200', '2025-10-06 02:34:56', '2025-10-06 02:34:56'),
(140, 'tag', 'photos', NULL, '200', '2025-10-06 02:35:12', '2025-10-06 02:35:12'),
(141, 'tag', 'english-news', NULL, '200', '2025-10-06 02:35:32', '2025-10-06 02:35:32'),
(142, 'news', 'does-stopping-eating-at-night-make-you-lose-weight-what-nutritionists-say', NULL, '200', '2025-10-06 02:38:29', '2025-10-06 02:38:29'),
(143, 'news', 'how-often-should-you-change-your-toothbrush', NULL, '200', '2025-10-06 02:40:36', '2025-10-06 02:40:36'),
(144, 'news', 'Arakan-Army-behind-series-of-kidnappings', NULL, '200', '2025-10-06 13:57:09', '2025-10-06 13:57:09'),
(145, 'news', 'be-aware-of-breast-cancer', NULL, '200', '2025-10-08 00:45:45', '2025-10-08 00:45:45'),
(146, 'news', 'youre-not-ignoring-these-5-symptoms-of-lung-cancer', NULL, '200', '2025-10-08 01:24:48', '2025-10-08 01:24:48'),
(147, 'news', '5-reasons-why-your-heart-palpitates-when-you-climb-stairs', NULL, '200', '2025-10-08 01:26:25', '2025-10-08 01:26:25'),
(148, 'news', 'it-is-important-to-be-careful-when-you-see-changes-in-your-skin-it-could-be-a-heart-problem', NULL, '200', '2025-10-08 01:28:55', '2025-10-08 01:28:55'),
(149, 'news', '171-Rohingyas-detained-and-sent-back-to-camps', NULL, '200', '2025-10-08 02:23:27', '2025-10-08 02:23:27'),
(150, 'tag', 'spotlight', NULL, '200', '2025-10-11 22:00:46', '2025-10-11 22:00:46'),
(151, 'news', 'judges-mobile-phone-and-wallet-stolen-from-coxs-bazar-court', NULL, '200', '2025-10-12 13:03:27', '2025-10-12 13:03:27'),
(152, 'news', 'caretaker-government-reinstated-effective-in-the-future', NULL, '200', '2025-11-20 21:11:46', '2025-11-20 21:11:46'),
(153, 'news', 'coast-guard-distributes-free-medical-supplies-in-maheshkhali', NULL, '200', '2025-11-20 21:18:48', '2025-11-20 21:18:48'),
(154, 'news', 'arakan-army-captures-16-fishermen-along-with-3-trawlers', NULL, '200', '2025-11-20 21:23:42', '2025-11-20 21:23:42'),
(155, 'news', 'online-gambling-has-become-an-epidemic-in-chakaria', NULL, '200', '2025-11-20 21:31:23', '2025-11-20 22:43:33'),
(156, 'news', 'farmers-protest-after-falling-salt-prices-at-the-beginning-of-the-season', NULL, '200', '2025-11-24 18:20:33', '2025-11-24 18:20:33'),
(157, 'news', 'this-time-bangladesh-lost-to-malaysia', NULL, '200', '2025-11-26 15:51:12', '2025-11-26 15:51:12'),
(158, 'news', 'neymar-injured-again', NULL, '200', '2025-11-26 15:52:37', '2025-11-26 15:52:37'),
(159, 'news', 'bangladesh-announces-strong-squad-for-brazil-argentina-matches', NULL, '200', '2025-11-26 15:53:53', '2025-11-26 15:53:53'),
(160, 'news', 'chelsea-blow-away-barca-city-staggered-in-leverkusen', NULL, '200', '2025-11-26 16:04:38', '2025-11-26 16:04:38'),
(161, 'news', 'fifa-shows-kindness-to-ronaldo-gets-good-news', NULL, '200', '2025-11-26 16:06:24', '2025-11-26 16:06:24'),
(162, 'news', 'true-liberation-will-come-only-in-islam', NULL, '200', '2025-11-26 16:56:39', '2025-11-26 16:56:39'),
(163, 'tag', 'rahman-hossain', NULL, '200', '2025-11-26 17:01:20', '2025-11-26 17:01:20'),
(164, 'tag', 'faria-islam', NULL, '200', '2025-11-26 17:03:26', '2025-11-26 17:03:26'),
(165, 'tag', 'kamal-uddin', NULL, '200', '2025-11-26 17:04:00', '2025-11-26 17:04:00'),
(166, 'tag', 'ayesha-siddika', NULL, '200', '2025-11-26 17:04:12', '2025-11-26 17:04:12'),
(167, 'tag', 'ariful-islam', NULL, '200', '2025-11-26 17:04:23', '2025-11-26 17:04:23'),
(168, 'tag', 'nusrat-jahan', NULL, '200', '2025-11-26 17:04:36', '2025-11-26 17:04:36'),
(169, 'tag', 'hasibul-karim', NULL, '200', '2025-11-26 17:04:48', '2025-11-26 17:04:48'),
(170, 'tag', 'mehzabin-rahman', NULL, '200', '2025-11-26 17:04:59', '2025-11-26 17:04:59'),
(171, 'tag', 'tanvir-ahmed', NULL, '200', '2025-11-26 17:05:11', '2025-11-26 17:05:11'),
(172, 'tag', 'sarah-islam', NULL, '200', '2025-11-26 17:05:22', '2025-11-26 17:05:22'),
(173, 'news', 'ncps-shapla-kali-symbol-as-seen-on-the-ballot', NULL, '200', '2025-11-26 17:08:07', '2025-11-26 17:08:07'),
(174, 'news', 'chinese-ambassador-sends-flowers-to-khaleda-zia-for-her-recovery', NULL, '200', '2025-11-26 17:09:15', '2025-11-26 17:09:15'),
(175, 'news', 'if-bnp-comes-to-power-there-will-be-major-reforms-in-the-banking-and-insurance-sectors', NULL, '200', '2025-11-26 17:10:42', '2025-11-26 17:10:42');

-- --------------------------------------------------------

--
-- Table structure for table `migrations`
--

CREATE TABLE `migrations` (
  `id` int(10) UNSIGNED NOT NULL,
  `migration` varchar(255) NOT NULL,
  `batch` int(11) NOT NULL
) ENGINE=InnoDB DEFAULT CHARSET=utf8mb4 COLLATE=utf8mb4_unicode_ci;

--
-- Dumping data for table `migrations`
--

INSERT INTO `migrations` (`id`, `migration`, `batch`) VALUES
(1, '0001_01_01_000000_create_users_table', 1),
(2, '0001_01_01_000001_create_cache_table', 1),
(3, '0001_01_01_000002_create_jobs_table', 1);

-- --------------------------------------------------------

--
-- Table structure for table `pagesettings`
--

CREATE TABLE `pagesettings` (
  `id` bigint(20) UNSIGNED NOT NULL,
  `meta_slug` varchar(32) NOT NULL,
  `meta_heading` varchar(512) DEFAULT NULL,
  `meta_title` varchar(512) DEFAULT NULL,
  `meta_keyword` varchar(512) DEFAULT NULL,
  `meta_description` varchar(512) DEFAULT NULL,
  `page_description` mediumtext DEFAULT NULL,
  `meta_image` varchar(512) DEFAULT NULL,
  `meta_robots` varchar(16) DEFAULT NULL,
  `meta_canonical` varchar(512) DEFAULT NULL,
  `created_at` timestamp NULL DEFAULT NULL,
  `updated_at` timestamp NULL DEFAULT NULL
) ENGINE=InnoDB DEFAULT CHARSET=utf8mb4 COLLATE=utf8mb4_unicode_ci;

--
-- Dumping data for table `pagesettings`
--

INSERT INTO `pagesettings` (`id`, `meta_slug`, `meta_heading`, `meta_title`, `meta_keyword`, `meta_description`, `page_description`, `meta_image`, `meta_robots`, `meta_canonical`, `created_at`, `updated_at`) VALUES
(1, 'search', 'SEARCH', 'Search Dainik Coxsbazar', NULL, NULL, NULL, NULL, NULL, NULL, '2025-11-02 18:40:54', '2025-11-02 18:40:54');

-- --------------------------------------------------------

--
-- Table structure for table `password_reset_tokens`
--

CREATE TABLE `password_reset_tokens` (
  `email` varchar(255) NOT NULL,
  `token` varchar(255) NOT NULL,
  `created_at` timestamp NULL DEFAULT NULL
) ENGINE=InnoDB DEFAULT CHARSET=utf8mb4 COLLATE=utf8mb4_unicode_ci;

-- --------------------------------------------------------

--
-- Table structure for table `sessions`
--

CREATE TABLE `sessions` (
  `id` varchar(255) NOT NULL,
  `user_id` bigint(20) UNSIGNED DEFAULT NULL,
  `ip_address` varchar(45) DEFAULT NULL,
  `user_agent` text DEFAULT NULL,
  `payload` longtext NOT NULL,
  `last_activity` int(11) NOT NULL
) ENGINE=InnoDB DEFAULT CHARSET=utf8mb4 COLLATE=utf8mb4_unicode_ci;

--
-- Dumping data for table `sessions`
--

INSERT INTO `sessions` (`id`, `user_id`, `ip_address`, `user_agent`, `payload`, `last_activity`) VALUES
('79jU0YpRtLM8whqmnuygIuw3PX2eLD5YRV1v6Dct', NULL, '127.0.0.1', 'Mozilla/5.0 (Macintosh; Intel Mac OS X 10_15_7) AppleWebKit/605.1.15 (KHTML, like Gecko) Version/18.5 Safari/605.1.15 Ddg/18.5', 'YTozOntzOjY6Il90b2tlbiI7czo0MDoiWDZ2R2xvU1VEZE5teXk0Y21VWTFoS0ZLblRjbEtMTHNUSHJXNHFhayI7czo5OiJfcHJldmlvdXMiO2E6MTp7czozOiJ1cmwiO3M6MzQ6Imh0dHA6Ly8xMjcuMC4wLjE6ODAwMC9sb3ctY29zdC1kZXYiO31zOjY6Il9mbGFzaCI7YToyOntzOjM6Im9sZCI7YTowOnt9czozOiJuZXciO2E6MDp7fX19', 1754143887),
('HSKQVIGyyd2zBFPQ7AHXXUEOJToaIZSBS5zojaQh', NULL, '127.0.0.1', 'Mozilla/5.0 (Macintosh; Intel Mac OS X 10_15_7) AppleWebKit/605.1.15 (KHTML, like Gecko) Version/18.5 Safari/605.1.15 Ddg/18.5', 'YTozOntzOjY6Il90b2tlbiI7czo0MDoiUnExQVNadktEc2pZMTVUemFPcUx0cTJXWlk1TE1ISVR4UmhncEhrWCI7czo5OiJfcHJldmlvdXMiO2E6MTp7czozOiJ1cmwiO3M6MjE6Imh0dHA6Ly8xMjcuMC4wLjE6ODAwMCI7fXM6NjoiX2ZsYXNoIjthOjI6e3M6Mzoib2xkIjthOjA6e31zOjM6Im5ldyI7YTowOnt9fX0=', 1754284353),
('J9nBNfDHo2rhgSjVqlhJNWKpz4BHLgN0JgVQF75x', 4, '127.0.0.1', 'Mozilla/5.0 (Macintosh; Intel Mac OS X 10_15_7) AppleWebKit/605.1.15 (KHTML, like Gecko) Version/18.5 Safari/605.1.15 Ddg/18.5', 'YTo0OntzOjY6Il90b2tlbiI7czo0MDoiY015dUJEYmRXUkowcm1TcVpMNEEzNlhETzd2YjJNcUNuOXJLaENtVSI7czo5OiJfcHJldmlvdXMiO2E6MTp7czozOiJ1cmwiO3M6NDM6Imh0dHA6Ly8xMjcuMC4wLjE6ODAwMC9hZG1pbi9jb250ZW50LzQ1L2VkaXQiO31zOjY6Il9mbGFzaCI7YToyOntzOjM6Im9sZCI7YTowOnt9czozOiJuZXciO2E6MDp7fX1zOjUwOiJsb2dpbl93ZWJfNTliYTM2YWRkYzJiMmY5NDAxNTgwZjAxNGM3ZjU4ZWE0ZTMwOTg5ZCI7aTo0O30=', 1754124262);

-- --------------------------------------------------------

--
-- Table structure for table `sitemodules`
--

CREATE TABLE `sitemodules` (
  `id` int(11) NOT NULL,
  `name` text NOT NULL,
  `description` varchar(256) DEFAULT NULL,
  `status` smallint(1) NOT NULL DEFAULT 3,
  `position` smallint(3) DEFAULT NULL
) ENGINE=InnoDB DEFAULT CHARSET=utf8mb4 COLLATE=utf8mb4_general_ci;

--
-- Dumping data for table `sitemodules`
--

INSERT INTO `sitemodules` (`id`, `name`, `description`, `status`, `position`) VALUES
(1, 'home slider', 'large section showing slider or promotional banners with CTA buttons ', 1, 1);

-- --------------------------------------------------------

--
-- Table structure for table `siteoptions`
--

--
-- Dumping data for table `siteoptions`
--

--
-- Table structure for table `sitesettings`
--

CREATE TABLE `sitesettings` (
  `id` bigint(20) UNSIGNED NOT NULL,
  `sitekey` varchar(32) NOT NULL,
  `sitevalue` varchar(512) DEFAULT NULL,
  `created_at` timestamp NULL DEFAULT NULL,
  `updated_at` timestamp NULL DEFAULT NULL
) ENGINE=InnoDB DEFAULT CHARSET=utf8mb4 COLLATE=utf8mb4_unicode_ci;

-- --------------------------------------------------------

--
-- Table structure for table `tags`
--

CREATE TABLE `tags` (
  `id` bigint(20) UNSIGNED NOT NULL,
  `slug` varchar(256) NOT NULL,
  `tag_type` smallint(5) UNSIGNED DEFAULT NULL,
  `user_id` bigint(20) UNSIGNED NOT NULL,
  `parent` bigint(20) UNSIGNED DEFAULT NULL,
  `title` varchar(512) NOT NULL,
  `linkto` varchar(512) DEFAULT NULL,
  `linkUrl` varchar(512) DEFAULT NULL,
  `sequence` smallint(5) UNSIGNED DEFAULT NULL,
  `sequencelead` int(2) DEFAULT NULL,
  `status` smallint(5) UNSIGNED DEFAULT NULL,
  `created_at` timestamp NULL DEFAULT NULL,
  `updated_at` timestamp NULL DEFAULT NULL
) ENGINE=InnoDB DEFAULT CHARSET=utf8mb4 COLLATE=utf8mb4_unicode_ci;

--
-- Dumping data for table `tags`
--

INSERT INTO `tags` (`id`, `slug`, `tag_type`, `user_id`, `parent`, `title`, `linkto`, `linkUrl`, `sequence`, `sequencelead`, `status`, `created_at`, `updated_at`) VALUES
(1, 'ddsdfsdfsdfsdfsdf', 1, 5, 0, 'ddd', NULL, NULL, 20, NULL, 1, '2025-08-30 21:06:30', '2025-08-30 21:06:30'),
(2, 'ddderwerwserwer', 1, 5, 0, 'eee', NULL, NULL, 20, NULL, 1, '2025-08-30 21:06:48', '2025-08-30 21:06:48'),
(3, 'coxsbazar', 3, 5, 0, 'কক্সবাজার', 'coxsbazar', NULL, 1, 4, 1, '2025-08-30 21:07:38', '2025-11-26 18:24:25'),
(4, 'international', 3, 5, 0, 'বিশ্ব', 'international', NULL, 4, 5, 1, '2025-08-30 21:08:13', '2025-11-26 18:25:33'),
(5, 'bangladesh', 3, 5, 0, 'বাংলাদেশ', 'bangladesh', NULL, 2, 1, 1, '2025-08-30 21:09:08', '2025-11-26 18:23:10'),
(6, 'more', 3, 5, 0, 'আরও', '#', NULL, 20, NULL, 1, '2025-08-30 21:57:04', '2025-08-30 21:57:04'),
(7, 'entertainment', 3, 5, 0, 'বিনোদন', 'entertainment', NULL, 6, 6, 1, '2025-08-30 21:58:51', '2025-11-26 18:06:31'),
(8, 'top', 5, 5, 0, 'Top', NULL, NULL, 1, NULL, 1, '2025-09-03 08:07:54', '2025-09-03 08:07:54'),
(9, 'trending', 5, 5, 0, 'Trending', NULL, NULL, 2, NULL, 1, '2025-09-03 08:16:27', '2025-09-03 08:16:27'),
(10, 'top-of-week', 5, 5, 0, 'top-of-week', NULL, NULL, 2, NULL, 1, '2025-09-03 08:16:27', '2025-09-03 08:16:27'),
(11, 'desk-reports', 6, 5, 0, 'ডেস্ক রিপোর্ট', 'desk-reports', NULL, 1, NULL, 1, '2025-09-21 21:13:29', '2025-09-21 21:13:29'),
(12, 'entertainment-desk', 6, 5, 0, 'বিনোদন ডেস্ক', 'entertainment-desk', NULL, 2, NULL, 1, '2025-09-21 21:14:17', '2025-09-21 21:14:17'),
(13, 'jute-industry', 4, 5, 0, 'পাটশিল্প', 'jute-industry', NULL, 20, NULL, 1, '2025-09-21 21:47:53', '2025-09-21 21:47:53'),
(14, 'factory', 4, 5, 0, 'কলকারখানা', 'factory', NULL, 20, NULL, 1, '2025-09-21 21:48:39', '2025-09-21 21:48:39'),
(15, 'worker', 4, 5, 0, 'শ্রমিক', 'worker', NULL, 20, NULL, 1, '2025-09-21 21:49:04', '2025-09-21 21:49:04'),
(16, 'foreign-exchange', 4, 5, 0, 'বৈদেশিক মুদ্রা', 'foreign-exchange', NULL, 20, NULL, 1, '2025-09-21 21:49:42', '2025-09-21 21:49:42'),
(17, 'shipbuilding', 4, 5, 0, 'জাহাজ নির্মাণ', 'shipbuilding', NULL, 20, NULL, 1, '2025-09-21 21:50:36', '2025-09-21 21:50:36'),
(18, 'kalrab-society', 4, 5, 0, 'কলরব সোসাইটি', 'kalrab-society', NULL, 20, NULL, 1, '2025-09-21 21:52:14', '2025-09-21 21:52:14'),
(19, 'jute-mill', 4, 5, 0, 'পাটকল', 'jute-mill', NULL, 20, NULL, 1, '2025-09-21 21:52:57', '2025-09-21 21:52:57'),
(20, 'kalsindur', 4, 5, 0, 'কলসিন্দুর', 'kalsindur', NULL, 20, NULL, 1, '2025-09-21 21:53:39', '2025-09-21 21:53:39'),
(21, 'clockwork', 4, 5, 0, 'ঘড়ির কল', 'clockwork', NULL, 20, NULL, 1, '2025-09-21 21:54:35', '2025-09-21 21:54:35'),
(22, 'coxs-bazar-correspondent', 6, 7, 0, 'কক্সবাজার রিপোর্ট', 'coxs-bazar-report', NULL, 1, NULL, 1, '2025-10-05 06:48:57', '2025-10-06 14:02:58'),
(23, 'special-correspondent', 6, 7, 0, 'বিশেষ প্রতিবেদক', 'special-correspondent', NULL, 2, NULL, 1, '2025-10-05 06:49:37', '2025-10-05 06:49:37'),
(24, 'world-health-day-2025', 7, 5, 0, 'বিশ্ব স্বাস্থ্য দিবস ২০২৫', 'world-health-day-2025', NULL, 20, NULL, 1, '2025-10-06 02:24:56', '2025-10-06 02:24:56'),
(25, 'politics', 3, 5, 0, 'রাজনীতি', 'politics', NULL, 3, 3, 1, '2025-10-06 02:27:45', '2025-11-26 16:54:45'),
(26, 'sports', 3, 5, 0, 'খেলা', 'sports', NULL, 5, 2, 1, '2025-10-06 02:28:27', '2025-11-26 18:23:59'),
(27, 'business', 3, 5, 0, 'বাণিজ্য', 'business', NULL, 8, 7, 1, '2025-10-06 02:29:45', '2025-11-26 18:25:54'),
(28, 'opinion', 3, 5, 0, 'মতামত', 'opinion', NULL, 9, NULL, 1, '2025-10-06 02:30:55', '2025-10-06 02:30:55'),
(29, 'religion', 3, 5, 0, 'ধর্ম', 'religion', NULL, 10, 11, 1, '2025-10-06 02:31:12', '2025-11-26 18:26:53'),
(30, 'tourism', 3, 5, 6, 'পর্যটন', 'tourism', NULL, 12, 9, 1, '2025-10-06 02:31:36', '2025-11-26 18:26:24'),
(31, 'science-and-technology', 3, 5, 6, 'বিজ্ঞান ও প্রযুক্তি', 'science-and-technology', NULL, 13, 10, 1, '2025-10-06 02:32:12', '2025-11-26 18:26:47'),
(32, 'education', 3, 5, 6, 'শিক্ষা', 'education', NULL, 14, 8, 1, '2025-10-06 02:32:41', '2025-11-26 18:26:19'),
(33, 'health', 3, 5, 6, 'স্বাস্থ্য', 'health', NULL, 15, 13, 1, '2025-10-06 02:33:10', '2025-11-26 18:27:40'),
(34, 'literature-and-culture', 3, 5, 6, 'সাহিত্য ও সংস্কৃতি', 'literature-and-culture', NULL, 16, 15, 1, '2025-10-06 02:33:39', '2025-11-26 18:28:12'),
(35, 'expatriate', 3, 5, 6, 'প্রবাস', 'expatriate', NULL, 17, 14, 1, '2025-10-06 02:33:57', '2025-11-26 18:27:46'),
(36, 'others', 3, 5, 6, 'অন্যান্য', 'others', NULL, 19, 16, 1, '2025-10-06 02:34:31', '2025-11-26 18:28:17'),
(37, 'videos', 3, 5, 6, 'ভিডিও', 'videos', NULL, 20, NULL, 1, '2025-10-06 02:34:56', '2025-10-06 02:34:56'),
(38, 'photos', 3, 5, 6, 'ছবি', 'photos', NULL, 21, NULL, 1, '2025-10-06 02:35:12', '2025-10-06 02:35:12'),
(39, 'english-news', 3, 5, 6, 'English News', 'english-news', NULL, 22, 12, 1, '2025-10-06 02:35:32', '2025-11-26 18:27:27'),
(40, 'spotlight', 5, 5, 0, 'Spotlight', 'spotlight', NULL, 1, NULL, 1, '2025-10-11 22:00:46', '2025-10-11 22:00:46'),
(41, 'rahman-hossain', 6, 5, 0, 'রহমান হোসেন', NULL, NULL, 20, NULL, 1, '2025-11-26 17:01:20', '2025-11-26 17:01:20'),
(42, 'faria-islam', 6, 5, 0, 'ফারিয়া ইসলাম', NULL, NULL, NULL, NULL, 1, '2025-11-26 17:03:26', '2025-11-26 17:03:26'),
(43, 'kamal-uddin', 6, 5, 0, 'কামাল উদ্দিন', NULL, NULL, NULL, NULL, 1, '2025-11-26 17:04:00', '2025-11-26 17:04:00'),
(44, 'ayesha-siddika', 6, 5, 0, 'আয়েশা সিদ্দিকা', NULL, NULL, NULL, NULL, 1, '2025-11-26 17:04:12', '2025-11-26 17:04:12'),
(45, 'ariful-islam', 6, 5, 0, 'আরিফুল ইসলাম', NULL, NULL, NULL, NULL, 1, '2025-11-26 17:04:23', '2025-11-26 17:04:23'),
(46, 'nusrat-jahan', 6, 5, 0, 'নুসরাত জাহান', NULL, NULL, NULL, NULL, 1, '2025-11-26 17:04:36', '2025-11-26 17:04:36'),
(47, 'hasibul-karim', 6, 5, 0, 'হাসিবুল করিম', NULL, NULL, NULL, NULL, 1, '2025-11-26 17:04:48', '2025-11-26 17:04:48'),
(48, 'mehzabin-rahman', 6, 5, 0, 'মেহজাবিন রহমান', NULL, NULL, NULL, NULL, 1, '2025-11-26 17:04:59', '2025-11-26 17:04:59'),
(49, 'tanvir-ahmed', 6, 5, 0, 'তানভীর আহমেদ', NULL, NULL, NULL, NULL, 1, '2025-11-26 17:05:11', '2025-11-26 17:05:11'),
(50, 'sarah-islam', 6, 5, 0, 'সারাহ ইসলাম', NULL, NULL, NULL, NULL, 1, '2025-11-26 17:05:22', '2025-11-26 17:05:22');

-- --------------------------------------------------------

--
-- Table structure for table `uploads`
--

CREATE TABLE `uploads` (
  `id` bigint(20) UNSIGNED NOT NULL,
  `user_id` bigint(20) UNSIGNED NOT NULL,
  `content_id` bigint(20) UNSIGNED DEFAULT NULL,
  `name` varchar(255) NOT NULL,
  `caption` varchar(255) DEFAULT NULL,
  `description` varchar(255) DEFAULT NULL,
  `video` varchar(255) DEFAULT NULL,
  `file` varchar(255) DEFAULT NULL,
  `url` varchar(255) DEFAULT NULL,
  `status` int(11) NOT NULL,
  `created_at` timestamp NULL DEFAULT NULL,
  `updated_at` timestamp NULL DEFAULT NULL
) ENGINE=InnoDB DEFAULT CHARSET=utf8mb4 COLLATE=utf8mb4_unicode_ci;

--
-- Dumping data for table `uploads`
--

INSERT INTO `uploads` (`id`, `user_id`, `content_id`, `name`, `caption`, `description`, `video`, `file`, `url`, `status`, `created_at`, `updated_at`) VALUES
(3, 4, 0, 'Media Upload', NULL, 'Description...', NULL, '67f615750549d.php', '/private/var/tmp/php4prrte7jg7tn4OIStU8', 4, '2025-04-09 00:36:37', '2025-04-09 04:09:41'),
(4, 4, 7, 'Media Upload', NULL, 'Description...', NULL, '67f62cffce548.png', NULL, 1, '2025-04-09 02:17:03', '2025-04-09 02:17:03'),
(5, 4, 0, 'Media Upload', NULL, 'Description...', NULL, '67f62d57e19e0.png', NULL, 4, '2025-04-09 02:18:31', '2025-04-09 04:10:54'),
(6, 4, 0, 'Media Upload', NULL, NULL, NULL, '67f6404a670af.png', NULL, 4, '2025-04-09 03:39:22', '2025-04-09 04:09:32'),
(7, 4, 0, 'Media Upload', NULL, NULL, NULL, '67f641362e227.png', NULL, 4, '2025-04-09 03:43:18', '2025-04-09 04:10:20'),
(8, 4, 5, 'Media Upload', NULL, NULL, NULL, '67f6477535984.png', NULL, 1, '2025-04-09 04:09:57', '2025-04-09 04:09:57'),
(9, 4, 9, 'Media Upload', NULL, NULL, NULL, '67f6478cb0f96.png', NULL, 1, '2025-04-09 04:10:20', '2025-04-09 04:10:20'),
(10, 4, 8, 'Media Upload', NULL, NULL, NULL, '67f647ae18976.png', NULL, 1, '2025-04-09 04:10:54', '2025-04-09 04:10:54'),
(11, 4, 10, 'Media Upload', NULL, 'Description...', NULL, '67f6480384565.png', NULL, 1, '2025-04-09 04:12:19', '2025-04-09 04:12:19'),
(12, 4, 0, 'Media Upload', NULL, 'Description...', NULL, '67f6513f19a3f.png', NULL, 4, '2025-04-09 04:51:43', '2025-04-09 04:52:16'),
(13, 4, 11, 'Media Upload', NULL, NULL, NULL, '67f65160cfc20.jpg', NULL, 1, '2025-04-09 04:52:16', '2025-04-09 04:52:16'),
(14, 4, NULL, 'Media Upload', NULL, NULL, NULL, '67f6774d87af1.png', NULL, 1, '2025-04-09 07:34:05', '2025-04-09 07:34:05'),
(15, 4, NULL, 'Media Upload', NULL, NULL, NULL, '67f677af5397a.png', NULL, 1, '2025-04-09 07:35:43', '2025-04-09 07:35:43'),
(16, 4, NULL, 'Media Upload', NULL, NULL, NULL, '67f678ca8a730.png', NULL, 1, '2025-04-09 07:40:26', '2025-04-09 07:40:26'),
(17, 4, 12, 'Media Upload', NULL, 'Description...', NULL, '67f681899c479.jpeg', NULL, 1, '2025-04-09 08:17:45', '2025-04-09 08:17:45'),
(18, 4, 11, 'Media Upload', NULL, NULL, NULL, '67f6827b7af88.png', NULL, 1, '2025-04-09 08:21:47', '2025-04-09 08:21:47'),
(19, 4, NULL, 'Media Upload', NULL, NULL, NULL, '67fa3ae729624.png', NULL, 1, '2025-04-12 04:05:27', '2025-04-12 04:05:27'),
(20, 4, 13, 'Media Upload', NULL, 'Description...', NULL, '67fa482fb09ef.png', NULL, 1, '2025-04-12 05:02:07', '2025-04-12 05:02:07'),
(21, 4, 14, 'Media Upload', NULL, 'Description...', NULL, '67fa5432cf90c.jpg', NULL, 1, '2025-04-12 05:53:22', '2025-04-12 05:53:22'),
(22, 4, 15, 'Media Upload', NULL, 'Description...', NULL, '67fa54adb595f.png', NULL, 1, '2025-04-12 05:55:25', '2025-04-12 05:55:25'),
(23, 4, 16, 'Media Upload', NULL, NULL, NULL, '67fb5f5a385f5.png', NULL, 1, '2025-04-13 00:53:14', '2025-04-13 00:53:14'),
(24, 4, 17, 'Media Upload', NULL, 'Description...', NULL, '67fb886b32854.png', NULL, 1, '2025-04-13 03:48:27', '2025-04-13 03:48:27'),
(25, 4, 18, 'Media Upload', NULL, 'Description...', NULL, '67fb8ec423cd6.png', NULL, 1, '2025-04-13 04:15:32', '2025-04-13 04:15:32'),
(27, 4, 17, 'Media Upload', NULL, NULL, NULL, '67fb91cc61592.png', NULL, 1, '2025-04-13 04:28:28', '2025-04-13 04:28:28'),
(28, 4, 20, 'Media Upload', NULL, 'Description...', NULL, '67fb932f331cf.png', NULL, 1, '2025-04-13 04:34:23', '2025-04-13 04:34:23'),
(29, 4, 19, 'Media Upload', NULL, NULL, NULL, '67fb933bafc16.png', NULL, 1, '2025-04-13 04:34:35', '2025-04-13 04:34:35'),
(30, 4, 0, 'Media Upload', NULL, 'Description...', NULL, '67fb9e402cfcf.png', NULL, 4, '2025-04-13 05:21:36', '2025-07-27 23:49:07'),
(31, 4, 32, 'Media Upload', NULL, 'Description...', NULL, '68088211289f0.png', NULL, 1, '2025-04-23 00:00:49', '2025-04-23 00:00:49'),
(32, 4, 31, 'Media Upload', NULL, NULL, NULL, '6808821eec8cc.png', NULL, 1, '2025-04-23 00:01:02', '2025-04-23 00:01:02'),
(33, 4, 31, 'Media Upload', NULL, NULL, NULL, '6808823347bcf.png', NULL, 1, '2025-04-23 00:01:23', '2025-04-23 00:01:23'),
(34, 4, NULL, 'Media Upload', NULL, NULL, NULL, '6808cc3c95241.png', NULL, 1, '2025-04-23 05:17:16', '2025-04-23 05:17:16'),
(35, 4, NULL, 'Media Upload', NULL, NULL, NULL, '6818aac00c913.jpg', NULL, 1, '2025-05-05 06:10:40', '2025-05-05 06:10:40'),
(36, 4, NULL, 'Media Upload', NULL, NULL, NULL, '6818af9da1877.jpg', NULL, 1, '2025-05-05 06:31:25', '2025-05-05 06:31:25'),
(37, 4, NULL, 'Media Upload', NULL, NULL, NULL, '6818afc2716bc.png', NULL, 1, '2025-05-05 06:32:02', '2025-05-05 06:32:02'),
(38, 4, NULL, 'Media Upload', NULL, NULL, NULL, '6818cc7a4580a.png', NULL, 1, '2025-05-05 08:34:34', '2025-05-05 08:34:34'),
(39, 4, 36, 'Media Upload', NULL, NULL, NULL, '683827306473f.png', NULL, 1, '2025-05-29 03:21:52', '2025-05-29 03:21:52'),
(40, 4, 37, 'page-image', NULL, NULL, NULL, NULL, NULL, 1, '2025-05-29 03:24:29', '2025-05-29 03:24:29'),
(41, 4, 1, 'Media Upload', NULL, NULL, NULL, '68382baad7f64.png', NULL, 1, '2025-05-29 03:40:58', '2025-05-29 03:40:58'),
(42, 4, 37, 'Media Upload', NULL, NULL, NULL, '68382bd04d278.png', NULL, 1, '2025-05-29 03:41:36', '2025-05-29 03:41:36'),
(43, 4, 29, 'Media Upload', NULL, NULL, NULL, '687c90758980f.jpeg', NULL, 1, '2025-07-20 00:45:09', '2025-07-20 00:45:09'),
(44, 4, 29, 'Media Upload', NULL, NULL, NULL, '687c908088074.jpeg', NULL, 1, '2025-07-20 00:45:20', '2025-07-20 00:45:20'),
(45, 4, 38, 'Media Upload', NULL, 'Description...', NULL, '687ca3fde20bc.webp', NULL, 1, '2025-07-20 02:08:29', '2025-07-20 02:08:29'),
(46, 4, 39, 'Media Upload', NULL, 'Description...', NULL, '687cab156fac9.webp', NULL, 1, '2025-07-20 02:38:45', '2025-07-20 02:38:45'),
(47, 4, 40, 'Media Upload', NULL, 'Description...', NULL, '687cabbf6050f.webp', NULL, 1, '2025-07-20 02:41:35', '2025-07-20 02:41:35'),
(48, 4, 41, 'Media Upload', NULL, 'Description...', NULL, '687cad85793b1.webp', NULL, 1, '2025-07-20 02:49:09', '2025-07-20 02:49:09'),
(49, 4, 42, 'Media Upload', NULL, 'Description...', NULL, '687cada50811a.webp', NULL, 1, '2025-07-20 02:49:41', '2025-07-20 02:49:41'),
(50, 4, 43, 'Media Upload', NULL, 'Description...', NULL, '687cadc002422.webp', NULL, 1, '2025-07-20 02:50:08', '2025-07-20 02:50:08'),
(52, 4, 21, 'Media Upload', NULL, NULL, NULL, 'icon-3', NULL, 1, '2025-07-27 23:52:41', '2025-07-27 23:52:41'),
(53, 4, 30, 'Media Upload', NULL, NULL, NULL, 'Canadian-Pizza-regular', NULL, 1, '2025-07-27 23:55:31', '2025-07-27 23:55:31'),
(54, 4, 0, 'Media Upload', NULL, NULL, NULL, 'cloud-computing.png', NULL, 4, '2025-07-28 00:10:37', '2025-07-28 00:10:51'),
(55, 4, 0, 'Media Upload', NULL, NULL, NULL, 'cloud-computing6887147ad8e30.png', NULL, 4, '2025-07-28 00:11:06', '2025-07-28 00:14:01'),
(56, 4, 28, 'Media Upload', NULL, NULL, NULL, 'data-scraping.png', NULL, 1, '2025-07-28 00:14:01', '2025-07-28 00:14:01'),
(57, 5, 46, 'Media Upload', '‘লা বুগি ডু সাপার’ পত্রিকা। ছবি : সংগৃহীত', 'Description...', NULL, 'most valuable newspaper.webp', NULL, 1, '2025-08-30 23:04:07', '2025-08-30 23:04:07'),
(58, 5, 47, 'Media Upload', 'প্রকৃতির এক অনন্য উপহার নিমগাছ।', 'Description...', NULL, 'nim pata leaf.webp', NULL, 1, '2025-08-30 23:07:16', '2025-08-30 23:07:16'),
(59, 5, 48, 'Media Upload', NULL, 'Description...', NULL, 'cricket.jpeg', NULL, 1, '2025-08-30 23:29:55', '2025-08-30 23:29:55'),
(60, 5, 49, 'Media Upload', NULL, 'Description...', NULL, 'bongoposagor-loghuchap.jpg', NULL, 1, '2025-09-03 08:14:54', '2025-09-03 08:14:54'),
(61, 5, 50, 'Media Upload', NULL, NULL, NULL, 'hathajari-clash.jpg', NULL, 1, '2025-09-06 23:58:07', '2025-09-06 23:58:07'),
(62, 5, 51, 'Media Upload', NULL, 'Description...', NULL, 'shim vorta.jpg', NULL, 1, '2025-09-07 00:22:37', '2025-09-07 00:22:37'),
(63, 5, 52, 'Media Upload', NULL, 'Description...', NULL, 'eucran-rashia-bd-soudi.jpg', NULL, 1, '2025-09-07 01:00:16', '2025-09-07 01:00:16'),
(64, 5, 53, 'Media Upload', NULL, 'Description...', NULL, 'bangladesh-kormo-komishion.jpg', NULL, 1, '2025-09-07 06:43:46', '2025-09-07 06:43:46'),
(65, 5, 54, 'Media Upload', NULL, 'Description...', NULL, 'chondro-grohon.jpg', NULL, 1, '2025-09-07 06:48:16', '2025-09-07 06:48:16'),
(66, 5, 55, 'Media Upload', NULL, 'Description...', NULL, 'ikbal khondokar.jpg', NULL, 1, '2025-09-07 06:55:03', '2025-09-07 06:55:03'),
(67, 5, 56, 'Media Upload', NULL, NULL, NULL, 'gas-discovered-in-habiganj-well-gas-worth-tk-4700-crore-to-be-found-in-10-years.webp', NULL, 1, '2025-09-07 11:53:15', '2025-09-07 11:53:15'),
(68, 5, 56, 'Media Upload', NULL, NULL, NULL, 'habigang-gas.jpg', NULL, 1, '2025-09-07 12:04:29', '2025-09-07 12:04:29'),
(69, 5, 0, 'Media Upload', NULL, 'Description...', NULL, 'md-eunus.webp', NULL, 4, '2025-09-21 19:08:14', '2025-09-24 02:13:40'),
(70, 5, 0, 'Media Upload', NULL, 'Description...', NULL, 'lifeguard-service-is-being-discontinued-at-coxs-bazar-beach-whats-behind-it.webp', NULL, 4, '2025-09-21 19:41:05', '2025-09-24 02:15:15'),
(71, 5, 0, 'Media Upload', NULL, 'Description...', NULL, 'emergency-instructions-for-tourists-at-sea.webp', NULL, 4, '2025-09-21 20:41:08', '2025-09-24 02:16:03'),
(72, 5, 0, 'Media Upload', NULL, NULL, NULL, 'cyber-bit-byte-services.webp', NULL, 4, '2025-09-24 02:13:40', '2025-10-08 02:40:25'),
(73, 5, 58, 'Media Upload', NULL, NULL, NULL, 'lifeguard-service-is-being-discontinued-at-coxs-bazar-beach-whats-behind-it1596.webp', NULL, 1, '2025-09-24 02:15:16', '2025-09-24 02:15:16'),
(74, 5, 59, 'Media Upload', NULL, NULL, NULL, 'emergency-instructions-for-tourists-at-sea9917.webp', NULL, 1, '2025-09-24 02:16:03', '2025-09-24 02:16:03'),
(76, 5, 61, 'Media Upload', NULL, NULL, NULL, 'foreign-debt-hits-record-surpasses-dollar112-billion.webp', NULL, 1, '2025-09-24 02:23:27', '2025-09-24 02:23:27'),
(77, 7, 0, 'Media Upload', NULL, 'Description...', NULL, 'whatsapp-image-2025-09-20-at-6-01-05-pm.jpeg', NULL, 4, '2025-10-05 15:10:44', '2025-10-06 14:01:18'),
(78, 7, 62, 'Media Upload', NULL, NULL, NULL, 'whatsapp-image-2025-09-20-at-6-01-04-pm-2.jpeg', NULL, 1, '2025-10-05 15:12:22', '2025-10-05 15:12:22'),
(79, 5, 63, 'Media Upload', NULL, 'Description...', NULL, 'does-stopping-eating-at-night-make-you-lose-weight-what-nutritionists-say.webp', NULL, 1, '2025-10-06 02:38:29', '2025-10-06 02:38:29'),
(80, 5, 64, 'Media Upload', NULL, 'Description...', NULL, 'how-often-should-you-change-your-toothbrush.webp', NULL, 1, '2025-10-06 02:40:36', '2025-10-06 02:40:36'),
(81, 7, 62, 'Media Upload', NULL, NULL, NULL, 'whatsapp-image-2025-09-20-at-6-01-05-pm1196.jpeg', NULL, 1, '2025-10-06 14:01:18', '2025-10-06 14:01:18'),
(87, 5, 57, 'Media Upload', NULL, NULL, NULL, 'prodhan-upodesta-eunus.jpg', NULL, 1, '2025-10-08 02:40:25', '2025-10-08 02:40:25'),
(88, 5, 0, 'Media Upload', NULL, NULL, NULL, 'judges-mobile-phone-and-wallet-stolen-from-coxs-bazar-court.webp', NULL, 4, '2025-10-12 13:11:22', '2025-10-12 13:39:55'),
(90, 5, 72, 'Media Upload', NULL, 'Description...', NULL, 'coast-guard-distributes-free-medical-supplies-in-maheshkhali.jpg', NULL, 1, '2025-11-20 21:18:53', '2025-11-20 21:18:53'),
(91, 5, 73, 'Media Upload', NULL, 'Description...', NULL, 'arakan-army-captures-16-fishermen-along-with-3-trawlers.jpg', NULL, 1, '2025-11-20 21:23:42', '2025-11-20 21:23:42'),
(92, 5, 74, 'Media Upload', NULL, 'Description...', NULL, 'online-gambling-has-become-an-epidemic-in-chakaria.jpg', NULL, 1, '2025-11-20 21:31:23', '2025-11-20 21:31:23'),
(93, 5, 74, 'Media Upload', NULL, NULL, NULL, 'no-image.png', NULL, 1, '2025-11-24 17:34:14', '2025-11-24 17:34:14'),
(94, 5, 75, 'Media Upload', NULL, 'Description...', NULL, 'farmers-protest-after-falling-salt-prices-at-the-beginning-of-the-season.jpg', NULL, 1, '2025-11-24 18:20:33', '2025-11-24 18:20:33'),
(95, 5, 76, 'Media Upload', NULL, 'Description...', NULL, 'this-time-bangladesh-lost-to-malaysia.webp', NULL, 1, '2025-11-26 15:51:18', '2025-11-26 15:51:18'),
(96, 5, 77, 'Media Upload', NULL, 'Description...', NULL, 'neymar-injured-again.webp', NULL, 1, '2025-11-26 15:52:37', '2025-11-26 15:52:37'),
(97, 5, 78, 'Media Upload', NULL, 'Description...', NULL, 'bangladesh-announces-strong-squad-for-brazil-argentina-matches.jpg', NULL, 1, '2025-11-26 15:53:54', '2025-11-26 15:53:54'),
(98, 5, 79, 'Media Upload', NULL, 'Description...', NULL, 'chelsea-blow-away-barca-city-staggered-in-leverkusen.jpg', NULL, 1, '2025-11-26 16:04:39', '2025-11-26 16:04:39'),
(99, 5, 80, 'Media Upload', NULL, 'Description...', NULL, 'fifa-shows-kindness-to-ronaldo-gets-good-news.jpg', NULL, 1, '2025-11-26 16:06:24', '2025-11-26 16:06:24'),
(100, 5, 81, 'Media Upload', NULL, 'Description...', NULL, 'true-liberation-will-come-only-in-islam.webp', NULL, 1, '2025-11-26 16:56:40', '2025-11-26 16:56:40'),
(101, 5, 82, 'Media Upload', NULL, 'Description...', NULL, 'ncps-shapla-kali-symbol-as-seen-on-the-ballot.jpg', NULL, 1, '2025-11-26 17:08:07', '2025-11-26 17:08:07'),
(102, 5, 83, 'Media Upload', NULL, 'Description...', NULL, 'chinese-ambassador-sends-flowers-to-khaleda-zia-for-her-recovery.jpg', NULL, 1, '2025-11-26 17:09:16', '2025-11-26 17:09:16'),
(103, 5, 84, 'Media Upload', NULL, 'Description...', NULL, 'if-bnp-comes-to-power-there-will-be-major-reforms-in-the-banking-and-insurance-sectors.webp', NULL, 1, '2025-11-26 17:10:43', '2025-11-26 17:10:43');

-- --------------------------------------------------------

--
-- Table structure for table `users`
--

CREATE TABLE `users` (
  `id` bigint(20) UNSIGNED NOT NULL,
  `name` varchar(255) NOT NULL,
  `email` varchar(255) NOT NULL,
  `email_verified_at` timestamp NULL DEFAULT NULL,
  `password` varchar(255) NOT NULL,
  `remember_token` varchar(100) DEFAULT NULL,
  `created_at` timestamp NULL DEFAULT NULL,
  `updated_at` timestamp NULL DEFAULT NULL
) ENGINE=InnoDB DEFAULT CHARSET=utf8mb4 COLLATE=utf8mb4_unicode_ci;

--
-- Dumping data for table `users`
--

INSERT INTO `users` (`id`, `name`, `email`, `email_verified_at`, `password`, `remember_token`, `created_at`, `updated_at`) VALUES
(1, 'Aminul Sujon', 'aminul532sujon@gmail.com', NULL, '$2y$12$RU.dnw3JncBNK7pIi8YThO32vyrF1d.JxQNiHZ4mBuTfl/nrL07WO', 'jgd7mxKvz432wIVW7qalZUyXoFScd9ful2CVWq95ugdk2lxQ2NkzQtFlqdMs', '2025-02-23 05:38:00', '2025-02-23 05:38:00'),
(2, 'admin', 'admin@admin.com', NULL, '$2y$12$cg2YuVGYojgx04UIQCEjluV6I4YDYJ.Qu5jlQX1FxlhIQu.zJRfiK', NULL, '2025-04-05 05:54:51', '2025-04-05 05:54:51'),
(3, 'admin1', 'admin1@admin.com', NULL, '$2y$12$NUTrbPYbrwAQFVGKHfdEuufzSQ4r3SybZ9JthdTgUyL6CKTZmU5Lm', NULL, '2025-04-08 07:09:15', '2025-04-08 07:09:15'),
(4, 'a@a.com', 'a@a.com', NULL, '$2y$12$SVC3dU3UOih58xxMiZEcNO5oUorOIef3evwFO52Wt717JOVR0KtBq', 'TX6oGK83oyloXKG7122BLwNJF8jVARoozFcPUtjtmLvCsVQ986HT7DugWrOd', '2025-04-09 00:31:04', '2025-04-09 00:31:04'),
(5, 'editor', 'editor@tsl.com', NULL, '$2y$12$Z4ws7PtytouK0RfghA/H3.hYBFaxESNU75py3nVrR0bFGa.s5UD2S', NULL, '2025-08-27 02:27:17', '2025-08-27 02:27:17'),
(6, 'cx', 'cx@example.com', NULL, '$2y$12$QHHC0/PUCH34ZsR6Ru/1buL9eh9/CIVALOZu5AXPMw.JLRrQiKY5u', NULL, '2025-09-23 15:01:19', '2025-09-23 15:01:19'),
(7, 'cxadmin', 'admin@sorob.tv', NULL, '$2y$12$5wBmfb8V2xVNXdoRWJeDceak5pbA1K7K5inLbOoOXKypeVA35cEYa', '8zVPCqwwyXhQWvlQieKPHGDOayx3MQhm6j8DTMlvoR5CYt0T1x8WanmsrAWN', '2025-10-05 00:44:21', '2025-10-05 00:44:21');

--
-- Indexes for dumped tables
--

--
-- Indexes for table `cache`
--
ALTER TABLE `cache`
  ADD PRIMARY KEY (`key`);

--
-- Indexes for table `cache_locks`
--
ALTER TABLE `cache_locks`
  ADD PRIMARY KEY (`key`);

--
-- Indexes for table `contents`
--
ALTER TABLE `contents`
  ADD PRIMARY KEY (`id`);

--
-- Indexes for table `content_tag`
--
ALTER TABLE `content_tag`
  ADD KEY `content_tag_content_id_foreign` (`content_id`),
  ADD KEY `content_tag_tag_id_foreign` (`tag_id`);

--
-- Indexes for table `failed_jobs`
--
ALTER TABLE `failed_jobs`
  ADD PRIMARY KEY (`id`),
  ADD UNIQUE KEY `failed_jobs_uuid_unique` (`uuid`);

--
-- Indexes for table `jobs`
--
ALTER TABLE `jobs`
  ADD PRIMARY KEY (`id`),
  ADD KEY `jobs_queue_index` (`queue`);

--
-- Indexes for table `job_batches`
--
ALTER TABLE `job_batches`
  ADD PRIMARY KEY (`id`);

--
-- Indexes for table `landecials`
--
ALTER TABLE `landecials`
  ADD PRIMARY KEY (`id`),
  ADD UNIQUE KEY `landing_slug` (`landing_slug`);

--
-- Indexes for table `landings`
--
ALTER TABLE `landings`
  ADD PRIMARY KEY (`id`),
  ADD UNIQUE KEY `landings_pagelink_unique` (`pagelink`),
  ADD KEY `landings_pagelink_index` (`pagelink`);

--
-- Indexes for table `migrations`
--
ALTER TABLE `migrations`
  ADD PRIMARY KEY (`id`);

--
-- Indexes for table `pagesettings`
--
ALTER TABLE `pagesettings`
  ADD PRIMARY KEY (`id`),
  ADD UNIQUE KEY `pagesettings_meta_slug_unique` (`meta_slug`);

--
-- Indexes for table `password_reset_tokens`
--
ALTER TABLE `password_reset_tokens`
  ADD PRIMARY KEY (`email`);

--
-- Indexes for table `sessions`
--
ALTER TABLE `sessions`
  ADD PRIMARY KEY (`id`),
  ADD KEY `sessions_user_id_index` (`user_id`),
  ADD KEY `sessions_last_activity_index` (`last_activity`);

--
-- Indexes for table `sitemodules`
--
ALTER TABLE `sitemodules`
  ADD PRIMARY KEY (`id`);


--
-- Indexes for table `sitesettings`
--
ALTER TABLE `sitesettings`
  ADD PRIMARY KEY (`id`);

--
-- Indexes for table `tags`
--
ALTER TABLE `tags`
  ADD PRIMARY KEY (`id`),
  ADD UNIQUE KEY `slug-unique` (`slug`);

--
-- Indexes for table `uploads`
--
ALTER TABLE `uploads`
  ADD PRIMARY KEY (`id`);

--
-- Indexes for table `users`
--
ALTER TABLE `users`
  ADD PRIMARY KEY (`id`),
  ADD UNIQUE KEY `users_email_unique` (`email`);

--
-- AUTO_INCREMENT for dumped tables
--

--
-- AUTO_INCREMENT for table `contents`
--
ALTER TABLE `contents`
  MODIFY `id` bigint(20) UNSIGNED NOT NULL AUTO_INCREMENT, AUTO_INCREMENT=85;

--
-- AUTO_INCREMENT for table `failed_jobs`
--
ALTER TABLE `failed_jobs`
  MODIFY `id` bigint(20) UNSIGNED NOT NULL AUTO_INCREMENT;

--
-- AUTO_INCREMENT for table `jobs`
--
ALTER TABLE `jobs`
  MODIFY `id` bigint(20) UNSIGNED NOT NULL AUTO_INCREMENT;

--
-- AUTO_INCREMENT for table `landecials`
--
ALTER TABLE `landecials`
  MODIFY `id` int(11) NOT NULL AUTO_INCREMENT, AUTO_INCREMENT=2;

--
-- AUTO_INCREMENT for table `landings`
--
ALTER TABLE `landings`
  MODIFY `id` bigint(20) UNSIGNED NOT NULL AUTO_INCREMENT, AUTO_INCREMENT=176;

--
-- AUTO_INCREMENT for table `migrations`
--
ALTER TABLE `migrations`
  MODIFY `id` int(10) UNSIGNED NOT NULL AUTO_INCREMENT, AUTO_INCREMENT=4;

--
-- AUTO_INCREMENT for table `pagesettings`
--
ALTER TABLE `pagesettings`
  MODIFY `id` bigint(20) UNSIGNED NOT NULL AUTO_INCREMENT, AUTO_INCREMENT=2;

--
-- AUTO_INCREMENT for table `sitemodules`
--
ALTER TABLE `sitemodules`
  MODIFY `id` int(11) NOT NULL AUTO_INCREMENT, AUTO_INCREMENT=2;


--
-- AUTO_INCREMENT for table `sitesettings`
--
ALTER TABLE `sitesettings`
  MODIFY `id` bigint(20) UNSIGNED NOT NULL AUTO_INCREMENT;

--
-- AUTO_INCREMENT for table `tags`
--
ALTER TABLE `tags`
  MODIFY `id` bigint(20) UNSIGNED NOT NULL AUTO_INCREMENT, AUTO_INCREMENT=51;

--
-- AUTO_INCREMENT for table `uploads`
--
ALTER TABLE `uploads`
  MODIFY `id` bigint(20) UNSIGNED NOT NULL AUTO_INCREMENT, AUTO_INCREMENT=104;

--
-- AUTO_INCREMENT for table `users`
--
ALTER TABLE `users`
  MODIFY `id` bigint(20) UNSIGNED NOT NULL AUTO_INCREMENT, AUTO_INCREMENT=8;
COMMIT;

/*!40101 SET CHARACTER_SET_CLIENT=@OLD_CHARACTER_SET_CLIENT */;
/*!40101 SET CHARACTER_SET_RESULTS=@OLD_CHARACTER_SET_RESULTS */;
/*!40101 SET COLLATION_CONNECTION=@OLD_COLLATION_CONNECTION */;
